graph_id,label,cohort_role,parent_edc_group
0,1,internal_nested_cv,0
1,1,internal_nested_cv,1
2,1,internal_nested_cv,2
3,1,internal_nested_cv,3
4,1,internal_nested_cv,4
5,1,internal_nested_cv,5
6,1,internal_nested_cv,6
7,1,internal_nested_cv,7
8,1,internal_nested_cv,8
9,1,internal_nested_cv,9
10,1,internal_nested_cv,10
11,1,internal_nested_cv,11
12,1,internal_nested_cv,12
13,1,internal_nested_cv,13
14,1,internal_nested_cv,14
15,1,internal_nested_cv,15
16,1,internal_nested_cv,16
17,1,internal_nested_cv,17
18,1,internal_nested_cv,18
19,1,internal_nested_cv,19
20,1,internal_nested_cv,20
21,1,internal_nested_cv,21
22,1,internal_nested_cv,22
23,1,internal_nested_cv,23
24,1,internal_nested_cv,24
25,1,internal_nested_cv,25
26,1,internal_nested_cv,26
27,1,internal_nested_cv,27
28,1,internal_nested_cv,28
29,1,internal_nested_cv,29
30,1,internal_nested_cv,30
31,1,internal_nested_cv,31
32,1,internal_nested_cv,32
33,1,internal_nested_cv,33
34,1,internal_nested_cv,34
35,1,internal_nested_cv,35
36,1,internal_nested_cv,36
37,1,internal_nested_cv,37
38,1,internal_nested_cv,38
39,1,internal_nested_cv,39
40,1,internal_nested_cv,40
41,1,internal_nested_cv,41
42,1,internal_nested_cv,42
43,1,internal_nested_cv,43
44,1,internal_nested_cv,44
45,1,internal_nested_cv,45
46,1,internal_nested_cv,46
47,1,internal_nested_cv,47
48,1,internal_nested_cv,48
49,1,internal_nested_cv,49
50,1,internal_nested_cv,50
51,1,internal_nested_cv,51
52,1,internal_nested_cv,52
53,1,internal_nested_cv,53
54,1,internal_nested_cv,54
55,1,internal_nested_cv,55
56,1,internal_nested_cv,56
57,1,internal_nested_cv,57
58,1,internal_nested_cv,58
59,1,internal_nested_cv,59
60,1,internal_nested_cv,60
61,1,internal_nested_cv,61
62,1,internal_nested_cv,62
63,1,internal_nested_cv,63
64,1,internal_nested_cv,64
65,1,internal_nested_cv,65
66,1,internal_nested_cv,66
67,1,internal_nested_cv,67
68,1,internal_nested_cv,68
69,1,internal_nested_cv,69
70,1,internal_nested_cv,70
71,1,internal_nested_cv,71
72,1,internal_nested_cv,72
73,1,internal_nested_cv,73
74,1,internal_nested_cv,74
75,1,internal_nested_cv,75
76,1,internal_nested_cv,76
77,1,internal_nested_cv,77
78,1,internal_nested_cv,78
79,1,internal_nested_cv,79
80,1,internal_nested_cv,80
81,1,external_excluded,-1
82,1,external_excluded,-1
83,1,external_excluded,-1
84,1,external_excluded,-1
85,1,external_excluded,-1
86,1,external_excluded,-1
87,0,internal_nested_cv,0
88,0,internal_nested_cv,0
89,0,internal_nested_cv,0
90,0,internal_nested_cv,0
91,0,internal_nested_cv,0
92,0,internal_nested_cv,0
93,0,internal_nested_cv,0
94,0,internal_nested_cv,0
95,0,internal_nested_cv,0
96,0,internal_nested_cv,0
97,0,internal_nested_cv,1
98,0,internal_nested_cv,1
99,0,internal_nested_cv,1
100,0,internal_nested_cv,1
101,0,internal_nested_cv,1
102,0,internal_nested_cv,1
103,0,internal_nested_cv,1
104,0,internal_nested_cv,1
105,0,internal_nested_cv,1
106,0,internal_nested_cv,1
107,0,internal_nested_cv,2
108,0,internal_nested_cv,2
109,0,internal_nested_cv,2
110,0,internal_nested_cv,2
111,0,internal_nested_cv,2
112,0,internal_nested_cv,2
113,0,internal_nested_cv,2
114,0,internal_nested_cv,2
115,0,internal_nested_cv,2
116,0,internal_nested_cv,2
117,0,internal_nested_cv,3
118,0,internal_nested_cv,3
119,0,internal_nested_cv,3
120,0,internal_nested_cv,3
121,0,internal_nested_cv,3
122,0,internal_nested_cv,3
123,0,internal_nested_cv,3
124,0,internal_nested_cv,3
125,0,internal_nested_cv,3
126,0,internal_nested_cv,3
127,0,internal_nested_cv,4
128,0,internal_nested_cv,4
129,0,internal_nested_cv,4
130,0,internal_nested_cv,4
131,0,internal_nested_cv,4
132,0,internal_nested_cv,4
133,0,internal_nested_cv,4
134,0,internal_nested_cv,4
135,0,internal_nested_cv,4
136,0,internal_nested_cv,4
137,0,internal_nested_cv,5
138,0,internal_nested_cv,5
139,0,internal_nested_cv,5
140,0,internal_nested_cv,5
141,0,internal_nested_cv,5
142,0,internal_nested_cv,5
143,0,internal_nested_cv,5
144,0,internal_nested_cv,5
145,0,internal_nested_cv,5
146,0,internal_nested_cv,5
147,0,internal_nested_cv,6
148,0,internal_nested_cv,6
149,0,internal_nested_cv,6
150,0,internal_nested_cv,6
151,0,internal_nested_cv,6
152,0,internal_nested_cv,6
153,0,internal_nested_cv,6
154,0,internal_nested_cv,6
155,0,internal_nested_cv,6
156,0,internal_nested_cv,6
157,0,internal_nested_cv,7
158,0,internal_nested_cv,7
159,0,internal_nested_cv,7
160,0,internal_nested_cv,7
161,0,internal_nested_cv,7
162,0,internal_nested_cv,7
163,0,internal_nested_cv,7
164,0,internal_nested_cv,7
165,0,internal_nested_cv,7
166,0,internal_nested_cv,7
167,0,internal_nested_cv,8
168,0,internal_nested_cv,8
169,0,internal_nested_cv,8
170,0,internal_nested_cv,8
171,0,internal_nested_cv,8
172,0,internal_nested_cv,8
173,0,internal_nested_cv,8
174,0,internal_nested_cv,8
175,0,internal_nested_cv,8
176,0,internal_nested_cv,8
177,0,internal_nested_cv,9
178,0,internal_nested_cv,9
179,0,internal_nested_cv,9
180,0,internal_nested_cv,9
181,0,internal_nested_cv,9
182,0,internal_nested_cv,9
183,0,internal_nested_cv,9
184,0,internal_nested_cv,9
185,0,internal_nested_cv,9
186,0,internal_nested_cv,9
187,0,internal_nested_cv,10
188,0,internal_nested_cv,10
189,0,internal_nested_cv,10
190,0,internal_nested_cv,10
191,0,internal_nested_cv,10
192,0,internal_nested_cv,10
193,0,internal_nested_cv,10
194,0,internal_nested_cv,10
195,0,internal_nested_cv,10
196,0,internal_nested_cv,10
197,0,internal_nested_cv,11
198,0,internal_nested_cv,11
199,0,internal_nested_cv,11
200,0,internal_nested_cv,11
201,0,internal_nested_cv,11
202,0,internal_nested_cv,11
203,0,internal_nested_cv,11
204,0,internal_nested_cv,11
205,0,internal_nested_cv,11
206,0,internal_nested_cv,11
207,0,internal_nested_cv,12
208,0,internal_nested_cv,12
209,0,internal_nested_cv,12
210,0,internal_nested_cv,12
211,0,internal_nested_cv,12
212,0,internal_nested_cv,12
213,0,internal_nested_cv,12
214,0,internal_nested_cv,12
215,0,internal_nested_cv,12
216,0,internal_nested_cv,12
217,0,internal_nested_cv,13
218,0,internal_nested_cv,13
219,0,internal_nested_cv,13
220,0,internal_nested_cv,13
221,0,internal_nested_cv,13
222,0,internal_nested_cv,13
223,0,internal_nested_cv,13
224,0,internal_nested_cv,13
225,0,internal_nested_cv,13
226,0,internal_nested_cv,13
227,0,internal_nested_cv,14
228,0,internal_nested_cv,14
229,0,internal_nested_cv,14
230,0,internal_nested_cv,14
231,0,internal_nested_cv,14
232,0,internal_nested_cv,14
233,0,internal_nested_cv,14
234,0,internal_nested_cv,14
235,0,internal_nested_cv,14
236,0,internal_nested_cv,14
237,0,internal_nested_cv,15
238,0,internal_nested_cv,15
239,0,internal_nested_cv,15
240,0,internal_nested_cv,15
241,0,internal_nested_cv,15
242,0,internal_nested_cv,15
243,0,internal_nested_cv,15
244,0,internal_nested_cv,15
245,0,internal_nested_cv,15
246,0,internal_nested_cv,15
247,0,internal_nested_cv,16
248,0,internal_nested_cv,16
249,0,internal_nested_cv,16
250,0,internal_nested_cv,16
251,0,internal_nested_cv,16
252,0,internal_nested_cv,16
253,0,internal_nested_cv,16
254,0,internal_nested_cv,16
255,0,internal_nested_cv,16
256,0,internal_nested_cv,16
257,0,internal_nested_cv,17
258,0,internal_nested_cv,17
259,0,internal_nested_cv,17
260,0,internal_nested_cv,17
261,0,internal_nested_cv,17
262,0,internal_nested_cv,17
263,0,internal_nested_cv,17
264,0,internal_nested_cv,17
265,0,internal_nested_cv,17
266,0,internal_nested_cv,17
267,0,internal_nested_cv,18
268,0,internal_nested_cv,18
269,0,internal_nested_cv,18
270,0,internal_nested_cv,18
271,0,internal_nested_cv,18
272,0,internal_nested_cv,18
273,0,internal_nested_cv,18
274,0,internal_nested_cv,18
275,0,internal_nested_cv,18
276,0,internal_nested_cv,18
277,0,internal_nested_cv,19
278,0,internal_nested_cv,19
279,0,internal_nested_cv,19
280,0,internal_nested_cv,19
281,0,internal_nested_cv,19
282,0,internal_nested_cv,19
283,0,internal_nested_cv,19
284,0,internal_nested_cv,19
285,0,internal_nested_cv,19
286,0,internal_nested_cv,19
287,0,internal_nested_cv,20
288,0,internal_nested_cv,20
289,0,internal_nested_cv,20
290,0,internal_nested_cv,20
291,0,internal_nested_cv,20
292,0,internal_nested_cv,20
293,0,internal_nested_cv,20
294,0,internal_nested_cv,20
295,0,internal_nested_cv,20
296,0,internal_nested_cv,20
297,0,internal_nested_cv,21
298,0,internal_nested_cv,21
299,0,internal_nested_cv,21
300,0,internal_nested_cv,21
301,0,internal_nested_cv,21
302,0,internal_nested_cv,21
303,0,internal_nested_cv,21
304,0,internal_nested_cv,21
305,0,internal_nested_cv,21
306,0,internal_nested_cv,21
307,0,internal_nested_cv,22
308,0,internal_nested_cv,22
309,0,internal_nested_cv,22
310,0,internal_nested_cv,22
311,0,internal_nested_cv,22
312,0,internal_nested_cv,22
313,0,internal_nested_cv,22
314,0,internal_nested_cv,22
315,0,internal_nested_cv,22
316,0,internal_nested_cv,22
317,0,internal_nested_cv,23
318,0,internal_nested_cv,23
319,0,internal_nested_cv,23
320,0,internal_nested_cv,23
321,0,internal_nested_cv,23
322,0,internal_nested_cv,23
323,0,internal_nested_cv,23
324,0,internal_nested_cv,23
325,0,internal_nested_cv,23
326,0,internal_nested_cv,23
327,0,internal_nested_cv,24
328,0,internal_nested_cv,24
329,0,internal_nested_cv,24
330,0,internal_nested_cv,24
331,0,internal_nested_cv,24
332,0,internal_nested_cv,24
333,0,internal_nested_cv,24
334,0,internal_nested_cv,24
335,0,internal_nested_cv,24
336,0,internal_nested_cv,24
337,0,internal_nested_cv,25
338,0,internal_nested_cv,25
339,0,internal_nested_cv,25
340,0,internal_nested_cv,25
341,0,internal_nested_cv,25
342,0,internal_nested_cv,25
343,0,internal_nested_cv,25
344,0,internal_nested_cv,25
345,0,internal_nested_cv,25
346,0,internal_nested_cv,25
347,0,internal_nested_cv,26
348,0,internal_nested_cv,26
349,0,internal_nested_cv,26
350,0,internal_nested_cv,26
351,0,internal_nested_cv,26
352,0,internal_nested_cv,26
353,0,internal_nested_cv,26
354,0,internal_nested_cv,26
355,0,internal_nested_cv,26
356,0,internal_nested_cv,26
357,0,internal_nested_cv,27
358,0,internal_nested_cv,27
359,0,internal_nested_cv,27
360,0,internal_nested_cv,27
361,0,internal_nested_cv,27
362,0,internal_nested_cv,27
363,0,internal_nested_cv,27
364,0,internal_nested_cv,27
365,0,internal_nested_cv,27
366,0,internal_nested_cv,27
367,0,internal_nested_cv,28
368,0,internal_nested_cv,28
369,0,internal_nested_cv,28
370,0,internal_nested_cv,28
371,0,internal_nested_cv,28
372,0,internal_nested_cv,28
373,0,internal_nested_cv,28
374,0,internal_nested_cv,28
375,0,internal_nested_cv,28
376,0,internal_nested_cv,28
377,0,internal_nested_cv,29
378,0,internal_nested_cv,29
379,0,internal_nested_cv,29
380,0,internal_nested_cv,29
381,0,internal_nested_cv,29
382,0,internal_nested_cv,29
383,0,internal_nested_cv,29
384,0,internal_nested_cv,29
385,0,internal_nested_cv,29
386,0,internal_nested_cv,29
387,0,internal_nested_cv,30
388,0,internal_nested_cv,30
389,0,internal_nested_cv,30
390,0,internal_nested_cv,30
391,0,internal_nested_cv,30
392,0,internal_nested_cv,30
393,0,internal_nested_cv,30
394,0,internal_nested_cv,30
395,0,internal_nested_cv,30
396,0,internal_nested_cv,30
397,0,internal_nested_cv,31
398,0,internal_nested_cv,31
399,0,internal_nested_cv,31
400,0,internal_nested_cv,31
401,0,internal_nested_cv,31
402,0,internal_nested_cv,31
403,0,internal_nested_cv,31
404,0,internal_nested_cv,31
405,0,internal_nested_cv,31
406,0,internal_nested_cv,31
407,0,internal_nested_cv,32
408,0,internal_nested_cv,32
409,0,internal_nested_cv,32
410,0,internal_nested_cv,32
411,0,internal_nested_cv,32
412,0,internal_nested_cv,32
413,0,internal_nested_cv,32
414,0,internal_nested_cv,32
415,0,internal_nested_cv,32
416,0,internal_nested_cv,32
417,0,internal_nested_cv,33
418,0,internal_nested_cv,33
419,0,internal_nested_cv,33
420,0,internal_nested_cv,33
421,0,internal_nested_cv,33
422,0,internal_nested_cv,33
423,0,internal_nested_cv,33
424,0,internal_nested_cv,33
425,0,internal_nested_cv,33
426,0,internal_nested_cv,33
427,0,internal_nested_cv,34
428,0,internal_nested_cv,34
429,0,internal_nested_cv,34
430,0,internal_nested_cv,34
431,0,internal_nested_cv,34
432,0,internal_nested_cv,34
433,0,internal_nested_cv,34
434,0,internal_nested_cv,34
435,0,internal_nested_cv,34
436,0,internal_nested_cv,34
437,0,internal_nested_cv,35
438,0,internal_nested_cv,35
439,0,internal_nested_cv,35
440,0,internal_nested_cv,35
441,0,internal_nested_cv,35
442,0,internal_nested_cv,35
443,0,internal_nested_cv,35
444,0,internal_nested_cv,35
445,0,internal_nested_cv,35
446,0,internal_nested_cv,35
447,0,internal_nested_cv,36
448,0,internal_nested_cv,36
449,0,internal_nested_cv,36
450,0,internal_nested_cv,36
451,0,internal_nested_cv,36
452,0,internal_nested_cv,36
453,0,internal_nested_cv,36
454,0,internal_nested_cv,36
455,0,internal_nested_cv,36
456,0,internal_nested_cv,36
457,0,internal_nested_cv,37
458,0,internal_nested_cv,37
459,0,internal_nested_cv,37
460,0,internal_nested_cv,37
461,0,internal_nested_cv,37
462,0,internal_nested_cv,37
463,0,internal_nested_cv,37
464,0,internal_nested_cv,37
465,0,internal_nested_cv,37
466,0,internal_nested_cv,37
467,0,internal_nested_cv,38
468,0,internal_nested_cv,38
469,0,internal_nested_cv,38
470,0,internal_nested_cv,38
471,0,internal_nested_cv,38
472,0,internal_nested_cv,38
473,0,internal_nested_cv,38
474,0,internal_nested_cv,38
475,0,internal_nested_cv,38
476,0,internal_nested_cv,38
477,0,internal_nested_cv,39
478,0,internal_nested_cv,39
479,0,internal_nested_cv,39
480,0,internal_nested_cv,39
481,0,internal_nested_cv,39
482,0,internal_nested_cv,39
483,0,internal_nested_cv,39
484,0,internal_nested_cv,39
485,0,internal_nested_cv,39
486,0,internal_nested_cv,39
487,0,internal_nested_cv,40
488,0,internal_nested_cv,40
489,0,internal_nested_cv,40
490,0,internal_nested_cv,40
491,0,internal_nested_cv,40
492,0,internal_nested_cv,40
493,0,internal_nested_cv,40
494,0,internal_nested_cv,40
495,0,internal_nested_cv,40
496,0,internal_nested_cv,40
497,0,internal_nested_cv,41
498,0,internal_nested_cv,41
499,0,internal_nested_cv,41
500,0,internal_nested_cv,41
501,0,internal_nested_cv,41
502,0,internal_nested_cv,41
503,0,internal_nested_cv,41
504,0,internal_nested_cv,41
505,0,internal_nested_cv,41
506,0,internal_nested_cv,41
507,0,internal_nested_cv,42
508,0,internal_nested_cv,42
509,0,internal_nested_cv,42
510,0,internal_nested_cv,42
511,0,internal_nested_cv,42
512,0,internal_nested_cv,42
513,0,internal_nested_cv,42
514,0,internal_nested_cv,42
515,0,internal_nested_cv,42
516,0,internal_nested_cv,42
517,0,internal_nested_cv,43
518,0,internal_nested_cv,43
519,0,internal_nested_cv,43
520,0,internal_nested_cv,43
521,0,internal_nested_cv,43
522,0,internal_nested_cv,43
523,0,internal_nested_cv,43
524,0,internal_nested_cv,43
525,0,internal_nested_cv,43
526,0,internal_nested_cv,43
527,0,internal_nested_cv,44
528,0,internal_nested_cv,44
529,0,internal_nested_cv,44
530,0,internal_nested_cv,44
531,0,internal_nested_cv,44
532,0,internal_nested_cv,44
533,0,internal_nested_cv,44
534,0,internal_nested_cv,44
535,0,internal_nested_cv,44
536,0,internal_nested_cv,44
537,0,internal_nested_cv,45
538,0,internal_nested_cv,45
539,0,internal_nested_cv,45
540,0,internal_nested_cv,45
541,0,internal_nested_cv,45
542,0,internal_nested_cv,45
543,0,internal_nested_cv,45
544,0,internal_nested_cv,45
545,0,internal_nested_cv,45
546,0,internal_nested_cv,45
547,0,internal_nested_cv,46
548,0,internal_nested_cv,46
549,0,internal_nested_cv,46
550,0,internal_nested_cv,46
551,0,internal_nested_cv,46
552,0,internal_nested_cv,46
553,0,internal_nested_cv,46
554,0,internal_nested_cv,46
555,0,internal_nested_cv,46
556,0,internal_nested_cv,46
557,0,internal_nested_cv,47
558,0,internal_nested_cv,47
559,0,internal_nested_cv,47
560,0,internal_nested_cv,47
561,0,internal_nested_cv,47
562,0,internal_nested_cv,47
563,0,internal_nested_cv,47
564,0,internal_nested_cv,47
565,0,internal_nested_cv,47
566,0,internal_nested_cv,47
567,0,internal_nested_cv,48
568,0,internal_nested_cv,48
569,0,internal_nested_cv,48
570,0,internal_nested_cv,48
571,0,internal_nested_cv,48
572,0,internal_nested_cv,48
573,0,internal_nested_cv,48
574,0,internal_nested_cv,48
575,0,internal_nested_cv,48
576,0,internal_nested_cv,48
577,0,internal_nested_cv,49
578,0,internal_nested_cv,49
579,0,internal_nested_cv,49
580,0,internal_nested_cv,49
581,0,internal_nested_cv,49
582,0,internal_nested_cv,49
583,0,internal_nested_cv,49
584,0,internal_nested_cv,49
585,0,internal_nested_cv,49
586,0,internal_nested_cv,49
587,0,internal_nested_cv,50
588,0,internal_nested_cv,50
589,0,internal_nested_cv,50
590,0,internal_nested_cv,50
591,0,internal_nested_cv,50
592,0,internal_nested_cv,50
593,0,internal_nested_cv,50
594,0,internal_nested_cv,50
595,0,internal_nested_cv,50
596,0,internal_nested_cv,50
597,0,internal_nested_cv,51
598,0,internal_nested_cv,51
599,0,internal_nested_cv,51
600,0,internal_nested_cv,51
601,0,internal_nested_cv,51
602,0,internal_nested_cv,51
603,0,internal_nested_cv,51
604,0,internal_nested_cv,51
605,0,internal_nested_cv,51
606,0,internal_nested_cv,51
607,0,internal_nested_cv,52
608,0,internal_nested_cv,52
609,0,internal_nested_cv,52
610,0,internal_nested_cv,52
611,0,internal_nested_cv,52
612,0,internal_nested_cv,52
613,0,internal_nested_cv,52
614,0,internal_nested_cv,52
615,0,internal_nested_cv,52
616,0,internal_nested_cv,52
617,0,internal_nested_cv,53
618,0,internal_nested_cv,53
619,0,internal_nested_cv,53
620,0,internal_nested_cv,53
621,0,internal_nested_cv,53
622,0,internal_nested_cv,53
623,0,internal_nested_cv,53
624,0,internal_nested_cv,53
625,0,internal_nested_cv,53
626,0,internal_nested_cv,53
627,0,internal_nested_cv,54
628,0,internal_nested_cv,54
629,0,internal_nested_cv,54
630,0,internal_nested_cv,54
631,0,internal_nested_cv,54
632,0,internal_nested_cv,54
633,0,internal_nested_cv,54
634,0,internal_nested_cv,54
635,0,internal_nested_cv,54
636,0,internal_nested_cv,54
637,0,internal_nested_cv,55
638,0,internal_nested_cv,55
639,0,internal_nested_cv,55
640,0,internal_nested_cv,55
641,0,internal_nested_cv,55
642,0,internal_nested_cv,55
643,0,internal_nested_cv,55
644,0,internal_nested_cv,55
645,0,internal_nested_cv,55
646,0,internal_nested_cv,55
647,0,internal_nested_cv,56
648,0,internal_nested_cv,56
649,0,internal_nested_cv,56
650,0,internal_nested_cv,56
651,0,internal_nested_cv,56
652,0,internal_nested_cv,56
653,0,internal_nested_cv,56
654,0,internal_nested_cv,56
655,0,internal_nested_cv,56
656,0,internal_nested_cv,56
657,0,internal_nested_cv,57
658,0,internal_nested_cv,57
659,0,internal_nested_cv,57
660,0,internal_nested_cv,57
661,0,internal_nested_cv,57
662,0,internal_nested_cv,57
663,0,internal_nested_cv,57
664,0,internal_nested_cv,57
665,0,internal_nested_cv,57
666,0,internal_nested_cv,57
667,0,internal_nested_cv,58
668,0,internal_nested_cv,58
669,0,internal_nested_cv,58
670,0,internal_nested_cv,58
671,0,internal_nested_cv,58
672,0,internal_nested_cv,58
673,0,internal_nested_cv,58
674,0,internal_nested_cv,58
675,0,internal_nested_cv,58
676,0,internal_nested_cv,58
677,0,internal_nested_cv,59
678,0,internal_nested_cv,59
679,0,internal_nested_cv,59
680,0,internal_nested_cv,59
681,0,internal_nested_cv,59
682,0,internal_nested_cv,59
683,0,internal_nested_cv,59
684,0,internal_nested_cv,59
685,0,internal_nested_cv,59
686,0,internal_nested_cv,59
687,0,internal_nested_cv,60
688,0,internal_nested_cv,60
689,0,internal_nested_cv,60
690,0,internal_nested_cv,60
691,0,internal_nested_cv,60
692,0,internal_nested_cv,60
693,0,internal_nested_cv,60
694,0,internal_nested_cv,60
695,0,internal_nested_cv,60
696,0,internal_nested_cv,60
697,0,internal_nested_cv,61
698,0,internal_nested_cv,61
699,0,internal_nested_cv,61
700,0,internal_nested_cv,61
701,0,internal_nested_cv,61
702,0,internal_nested_cv,61
703,0,internal_nested_cv,61
704,0,internal_nested_cv,61
705,0,internal_nested_cv,61
706,0,internal_nested_cv,61
707,0,internal_nested_cv,62
708,0,internal_nested_cv,62
709,0,internal_nested_cv,62
710,0,internal_nested_cv,62
711,0,internal_nested_cv,62
712,0,internal_nested_cv,62
713,0,internal_nested_cv,62
714,0,internal_nested_cv,62
715,0,internal_nested_cv,62
716,0,internal_nested_cv,62
717,0,internal_nested_cv,63
718,0,internal_nested_cv,63
719,0,internal_nested_cv,63
720,0,internal_nested_cv,63
721,0,internal_nested_cv,63
722,0,internal_nested_cv,63
723,0,internal_nested_cv,63
724,0,internal_nested_cv,63
725,0,internal_nested_cv,63
726,0,internal_nested_cv,63
727,0,internal_nested_cv,64
728,0,internal_nested_cv,64
729,0,internal_nested_cv,64
730,0,internal_nested_cv,64
731,0,internal_nested_cv,64
732,0,internal_nested_cv,64
733,0,internal_nested_cv,64
734,0,internal_nested_cv,64
735,0,internal_nested_cv,64
736,0,internal_nested_cv,64
737,0,internal_nested_cv,65
738,0,internal_nested_cv,65
739,0,internal_nested_cv,65
740,0,internal_nested_cv,65
741,0,internal_nested_cv,65
742,0,internal_nested_cv,65
743,0,internal_nested_cv,65
744,0,internal_nested_cv,65
745,0,internal_nested_cv,65
746,0,internal_nested_cv,65
747,0,internal_nested_cv,66
748,0,internal_nested_cv,66
749,0,internal_nested_cv,66
750,0,internal_nested_cv,66
751,0,internal_nested_cv,66
752,0,internal_nested_cv,66
753,0,internal_nested_cv,66
754,0,internal_nested_cv,66
755,0,internal_nested_cv,66
756,0,internal_nested_cv,66
757,0,internal_nested_cv,67
758,0,internal_nested_cv,67
759,0,internal_nested_cv,67
760,0,internal_nested_cv,67
761,0,internal_nested_cv,67
762,0,internal_nested_cv,67
763,0,internal_nested_cv,67
764,0,internal_nested_cv,67
765,0,internal_nested_cv,67
766,0,internal_nested_cv,67
767,0,internal_nested_cv,68
768,0,internal_nested_cv,68
769,0,internal_nested_cv,68
770,0,internal_nested_cv,68
771,0,internal_nested_cv,68
772,0,internal_nested_cv,68
773,0,internal_nested_cv,68
774,0,internal_nested_cv,68
775,0,internal_nested_cv,68
776,0,internal_nested_cv,68
777,0,internal_nested_cv,69
778,0,internal_nested_cv,69
779,0,internal_nested_cv,69
780,0,internal_nested_cv,69
781,0,internal_nested_cv,69
782,0,internal_nested_cv,69
783,0,internal_nested_cv,69
784,0,internal_nested_cv,69
785,0,internal_nested_cv,69
786,0,internal_nested_cv,69
787,0,internal_nested_cv,70
788,0,internal_nested_cv,70
789,0,internal_nested_cv,70
790,0,internal_nested_cv,70
791,0,internal_nested_cv,70
792,0,internal_nested_cv,70
793,0,internal_nested_cv,70
794,0,internal_nested_cv,70
795,0,internal_nested_cv,70
796,0,internal_nested_cv,70
797,0,internal_nested_cv,71
798,0,internal_nested_cv,71
799,0,internal_nested_cv,71
800,0,internal_nested_cv,71
801,0,internal_nested_cv,71
802,0,internal_nested_cv,71
803,0,internal_nested_cv,71
804,0,internal_nested_cv,71
805,0,internal_nested_cv,71
806,0,internal_nested_cv,71
807,0,internal_nested_cv,72
808,0,internal_nested_cv,72
809,0,internal_nested_cv,72
810,0,internal_nested_cv,72
811,0,internal_nested_cv,72
812,0,internal_nested_cv,72
813,0,internal_nested_cv,72
814,0,internal_nested_cv,72
815,0,internal_nested_cv,72
816,0,internal_nested_cv,72
817,0,internal_nested_cv,73
818,0,internal_nested_cv,73
819,0,internal_nested_cv,73
820,0,internal_nested_cv,73
821,0,internal_nested_cv,73
822,0,internal_nested_cv,73
823,0,internal_nested_cv,73
824,0,internal_nested_cv,73
825,0,internal_nested_cv,73
826,0,internal_nested_cv,73
827,0,internal_nested_cv,74
828,0,internal_nested_cv,74
829,0,internal_nested_cv,74
830,0,internal_nested_cv,74
831,0,internal_nested_cv,74
832,0,internal_nested_cv,74
833,0,internal_nested_cv,74
834,0,internal_nested_cv,74
835,0,internal_nested_cv,74
836,0,internal_nested_cv,74
837,0,internal_nested_cv,75
838,0,internal_nested_cv,75
839,0,internal_nested_cv,75
840,0,internal_nested_cv,75
841,0,internal_nested_cv,75
842,0,internal_nested_cv,75
843,0,internal_nested_cv,75
844,0,internal_nested_cv,75
845,0,internal_nested_cv,75
846,0,internal_nested_cv,75
847,0,internal_nested_cv,76
848,0,internal_nested_cv,76
849,0,internal_nested_cv,76
850,0,internal_nested_cv,76
851,0,internal_nested_cv,76
852,0,internal_nested_cv,76
853,0,internal_nested_cv,76
854,0,internal_nested_cv,76
855,0,internal_nested_cv,76
856,0,internal_nested_cv,76
857,0,internal_nested_cv,77
858,0,internal_nested_cv,77
859,0,internal_nested_cv,77
860,0,internal_nested_cv,77
861,0,internal_nested_cv,77
862,0,internal_nested_cv,77
863,0,internal_nested_cv,77
864,0,internal_nested_cv,77
865,0,internal_nested_cv,77
866,0,internal_nested_cv,77
867,0,internal_nested_cv,78
868,0,internal_nested_cv,78
869,0,internal_nested_cv,78
870,0,internal_nested_cv,78
871,0,internal_nested_cv,78
872,0,internal_nested_cv,78
873,0,internal_nested_cv,78
874,0,internal_nested_cv,78
875,0,internal_nested_cv,78
876,0,internal_nested_cv,78
877,0,internal_nested_cv,79
878,0,internal_nested_cv,79
879,0,internal_nested_cv,79
880,0,internal_nested_cv,79
881,0,internal_nested_cv,79
882,0,internal_nested_cv,79
883,0,internal_nested_cv,79
884,0,internal_nested_cv,79
885,0,internal_nested_cv,79
886,0,internal_nested_cv,79
887,0,internal_nested_cv,80
888,0,internal_nested_cv,80
889,0,internal_nested_cv,80
890,0,internal_nested_cv,80
891,0,internal_nested_cv,80
892,0,internal_nested_cv,80
893,0,internal_nested_cv,80
894,0,internal_nested_cv,80
895,0,internal_nested_cv,80
896,0,internal_nested_cv,80
897,0,external_excluded,-1
898,0,external_excluded,-1
899,0,external_excluded,-1
900,0,external_excluded,-1
901,0,external_excluded,-1
902,0,external_excluded,-1
