repeat,outer_fold,n_train_graphs,n_test_graphs,n_train_groups,n_test_groups,n_train_edcs,n_test_edcs,n_train_non_edcs,n_test_non_edcs,selected_epochs,hidden_size1,hidden_size2,hidden_size3,lr,weight_decay,dropout,pr_auc,roc_auc,recall,specificity,balanced_accuracy,mcc,f1_score,accuracy,threshold,tp,tn,fp,fn
1,1,704,187,64,17,64,17,640,170,25,32,48,48,0.0005,0.0001,0.5,0.9628408029878618,0.995674740484429,0.9411764705882353,0.9764705882352941,0.9588235294117646,0.8535940220567492,0.8648648648648648,0.9732620320855615,0.5099999999999999,16,166,4,1
1,2,715,176,65,16,65,16,650,160,44,48,32,16,0.0005,0.0005,0.5,0.8441789215686275,0.982421875,1.0,0.59375,0.796875,0.34246744460938755,0.32989690721649484,0.6306818181818182,0.49499999999999994,16,95,65,0
1,3,715,176,65,16,65,16,650,160,14,32,64,24,0.0003,0.0001,0.5,0.9612637362637363,0.9958984375000001,0.0,1.0,0.5,0.0,0.0,0.9090909090909091,0.48999999999999994,0,160,0,16
1,4,715,176,65,16,65,16,650,160,9,48,64,32,0.001,0.0005,0.5,0.7030440574619217,0.97578125,0.0,1.0,0.5,0.0,0.0,0.9090909090909091,0.5249999999999999,0,160,0,16
1,5,715,176,65,16,65,16,650,160,25,80,16,16,0.001,0.0001,0.2,0.8619892278260245,0.96484375,0.9375,0.525,0.73125,0.26607346215974925,0.2803738317757009,0.5625,0.575,15,84,76,1
2,1,704,187,64,17,64,17,640,170,36,64,48,16,0.0003,0.0001,0.2,0.921737871719146,0.9709342560553632,0.5882352941176471,1.0,0.7941176470588236,0.7516460280028289,0.7407407407407407,0.9625668449197861,0.4649999999999999,10,170,0,7
2,2,715,176,65,16,65,16,650,160,27,64,32,16,0.001,0.0005,0.2,0.7894981464399033,0.98046875,0.625,0.99375,0.809375,0.7348469228349535,0.7407407407407406,0.9602272727272727,0.5349999999999999,10,159,1,6
2,3,715,176,65,16,65,16,650,160,14,32,48,24,0.0003,0.0001,0.5,0.9296642593517593,0.9939453125000001,0.0625,1.0,0.53125,0.23904572186687872,0.11764705882352941,0.9147727272727273,0.49999999999999994,1,160,0,15
2,4,715,176,65,16,65,16,650,160,41,80,64,16,0.001,0.0005,0.2,0.945909299034299,0.9943359374999999,0.5625,1.0,0.78125,0.7341131763485946,0.72,0.9602272727272727,0.63,9,160,0,7
2,5,715,176,65,16,65,16,650,160,28,32,32,48,0.001,0.001,0.5,0.7672462188546747,0.983984375,1.0,0.9375,0.96875,0.75955452531275,0.761904761904762,0.9431818181818182,0.48499999999999993,16,150,10,0
3,1,704,187,64,17,64,17,640,170,32,64,48,24,0.001,0.0005,0.5,0.8466829920822818,0.990484429065744,0.8823529411764706,0.9823529411764705,0.9323529411764706,0.8428256222883823,0.8571428571428571,0.9732620320855615,0.48999999999999994,15,167,3,2
3,2,715,176,65,16,65,16,650,160,70,32,64,48,0.0003,0.001,0.4,0.9852430555555556,0.998828125,0.9375,0.99375,0.965625,0.93125,0.9375,0.9886363636363636,0.5399999999999999,15,159,1,1
3,3,715,176,65,16,65,16,650,160,28,32,16,48,0.001,0.0005,0.4,0.7257154483447588,0.973828125,0.4375,0.9875,0.7125,0.5546632887967159,0.56,0.9375,0.59,7,158,2,9
3,4,715,176,65,16,65,16,650,160,37,80,48,16,0.0003,0.0001,0.2,0.8802392420699057,0.987890625,0.0,1.0,0.5,0.0,0.0,0.9090909090909091,0.5199999999999999,0,160,0,16
3,5,715,176,65,16,65,16,650,160,30,64,64,16,0.001,0.0005,0.5,0.8999253733992106,0.967578125,0.1875,1.0,0.59375,0.41642574923301445,0.3157894736842105,0.9261363636363636,0.6399999999999999,3,160,0,13
4,1,704,187,64,17,64,17,640,170,36,80,32,32,0.0003,0.0001,0.4,0.8638329087291026,0.9887543252595156,0.0,1.0,0.5,0.0,0.0,0.9090909090909091,0.5249999999999999,0,170,0,17
4,2,715,176,65,16,65,16,650,160,46,48,64,32,0.001,0.0001,0.4,0.9129259374204227,0.9951171875,1.0,0.9625,0.98125,0.8366600265340756,0.8421052631578948,0.9659090909090909,0.49999999999999994,16,154,6,0
4,3,715,176,65,16,65,16,650,160,21,32,32,48,0.001,0.0001,0.4,0.824095650329203,0.98671875,0.0,0.99375,0.496875,-0.023904572186687872,0.0,0.9034090909090909,0.48999999999999994,0,159,1,16
4,4,715,176,65,16,65,16,650,160,33,48,48,32,0.0005,0.0001,0.4,0.8271336012628583,0.9859375,0.5,0.99375,0.746875,0.6443882325726552,0.64,0.9488636363636364,0.4799999999999999,8,159,1,8
4,5,715,176,65,16,65,16,650,160,15,80,16,32,0.0005,0.0001,0.5,0.8672283785055523,0.9623046875000001,1.0,0.0,0.5,0.0,0.16666666666666669,0.09090909090909091,0.48499999999999993,16,0,160,0
5,1,704,187,64,17,64,17,640,170,58,32,16,48,0.0005,0.001,0.4,0.8392219822453623,0.9868512110726644,1.0,0.9058823529411765,0.9529411764705882,0.6831300510639733,0.6799999999999999,0.9144385026737968,0.4599999999999999,17,154,16,0
5,2,715,176,65,16,65,16,650,160,35,32,64,32,0.001,0.0005,0.4,0.8584318104925691,0.987890625,1.0,0.925,0.9625,0.7270291799999699,0.7272727272727273,0.9318181818181818,0.43999999999999995,16,148,12,0
5,3,715,176,65,16,65,16,650,160,4,32,48,24,0.001,0.0005,0.4,0.8771263338111165,0.9835937499999999,0.0,1.0,0.5,0.0,0.0,0.9090909090909091,0.5499999999999999,0,160,0,16
5,4,715,176,65,16,65,16,650,160,11,80,48,32,0.0005,0.0005,0.2,0.9104297969187676,0.9662109375,0.9375,0.9875,0.9625,0.9001993448816447,0.9090909090909091,0.9829545454545454,0.5249999999999999,15,158,2,1
5,5,715,176,65,16,65,16,650,160,27,32,16,24,0.0005,0.001,0.2,0.7848415564698459,0.9880859375,1.0,0.9375,0.96875,0.75955452531275,0.761904761904762,0.9431818181818182,0.5099999999999999,16,150,10,0
6,1,704,187,64,17,64,17,640,170,49,64,64,48,0.0003,0.0005,0.2,0.9421863338423441,0.9951557093425606,0.9411764705882353,0.9647058823529412,0.9529411764705882,0.808290376865476,0.8205128205128205,0.9625668449197861,0.48999999999999994,16,164,6,1
6,2,715,176,65,16,65,16,650,160,17,64,32,16,0.001,0.0005,0.5,0.8657686063936065,0.99140625,0.625,0.99375,0.809375,0.7348469228349535,0.7407407407407406,0.9602272727272727,0.5149999999999999,10,159,1,6
6,3,715,176,65,16,65,16,650,160,48,32,32,32,0.0005,0.0005,0.4,0.7529284503149593,0.976171875,0.625,0.98125,0.803125,0.6663559131019311,0.6896551724137931,0.9488636363636364,0.4749999999999999,10,157,3,6
6,4,715,176,65,16,65,16,650,160,21,48,64,16,0.0005,0.0001,0.4,0.9456646161809206,0.9939453125,0.25,1.0,0.625,0.48224282217041214,0.4,0.9318181818181818,0.5049999999999999,4,160,0,12
6,5,715,176,65,16,65,16,650,160,19,48,48,32,0.001,0.0005,0.5,0.8337320311052896,0.9656250000000001,1.0,0.0,0.5,0.0,0.16666666666666669,0.09090909090909091,0.4699999999999999,16,0,160,0
7,1,704,187,64,17,64,17,640,170,29,64,64,16,0.001,0.0005,0.4,0.8425386661841769,0.9877162629757785,0.0,1.0,0.5,0.0,0.0,0.9090909090909091,0.48999999999999994,0,170,0,17
7,2,715,176,65,16,65,16,650,160,13,32,64,32,0.0003,0.001,0.5,0.7621139119568693,0.962890625,1.0,0.0,0.5,0.0,0.16666666666666669,0.09090909090909091,0.48999999999999994,16,0,160,0
7,3,715,176,65,16,65,16,650,160,30,64,32,32,0.001,0.001,0.4,0.8916090853590853,0.9896484375,0.0,1.0,0.5,0.0,0.0,0.9090909090909091,0.5199999999999999,0,160,0,16
7,4,715,176,65,16,65,16,650,160,39,80,64,24,0.0003,0.001,0.2,0.9536446886446887,0.9943359375,1.0,0.94375,0.971875,0.7771743691090179,0.7804878048780487,0.9488636363636364,0.4499999999999999,16,151,9,0
7,5,715,176,65,16,65,16,650,160,33,80,64,48,0.0005,0.001,0.2,0.8904519194041253,0.9906250000000001,0.25,1.0,0.625,0.48224282217041214,0.4,0.9318181818181818,0.49999999999999994,4,160,0,12
8,1,704,187,64,17,64,17,640,170,32,64,32,32,0.0003,0.0001,0.4,0.7382500095667096,0.961764705882353,0.0,1.0,0.5,0.0,0.0,0.9090909090909091,0.5049999999999999,0,170,0,17
8,2,715,176,65,16,65,16,650,160,32,64,32,32,0.0005,0.0005,0.5,0.8928921262560968,0.9900390625,1.0,0.0,0.5,0.0,0.16666666666666669,0.09090909090909091,0.4799999999999999,16,0,160,0
8,3,715,176,65,16,65,16,650,160,18,48,16,48,0.001,0.001,0.4,0.8031281218781219,0.9882812499999999,0.5625,0.9875,0.775,0.6531972647421809,0.6666666666666666,0.9488636363636364,0.5249999999999999,9,158,2,7
8,4,715,176,65,16,65,16,650,160,31,32,16,32,0.0005,0.0001,0.2,0.9569546262560968,0.9953125,0.1875,1.0,0.59375,0.41642574923301445,0.3157894736842105,0.9261363636363636,0.5299999999999999,3,160,0,13
8,5,715,176,65,16,65,16,650,160,12,48,16,24,0.0005,0.001,0.4,0.942559085651191,0.993359375,0.0,1.0,0.5,0.0,0.0,0.9090909090909091,0.48499999999999993,0,160,0,16
9,1,704,187,64,17,64,17,640,170,19,48,64,16,0.001,0.001,0.2,0.8134341231847626,0.9852941176470589,1.0,0.0,0.5,0.0,0.16666666666666669,0.09090909090909091,0.5399999999999999,17,0,170,0
9,2,715,176,65,16,65,16,650,160,39,32,32,32,0.001,0.001,0.4,0.9442798010812717,0.993359375,0.9375,0.98125,0.959375,0.8716708820319045,0.8823529411764706,0.9772727272727273,0.5349999999999999,15,157,3,1
9,3,715,176,65,16,65,16,650,160,22,48,64,48,0.001,0.001,0.4,0.9694270833333334,0.995703125,0.9375,0.95625,0.946875,0.7768985960673559,0.7894736842105263,0.9545454545454546,0.4599999999999999,15,153,7,1
9,4,715,176,65,16,65,16,650,160,37,48,48,48,0.0003,0.0005,0.2,0.9299689440993789,0.9765625,0.0,1.0,0.5,0.0,0.0,0.9090909090909091,0.5299999999999999,0,160,0,16
9,5,715,176,65,16,65,16,650,160,17,32,32,48,0.0003,0.0005,0.4,0.6858450677744157,0.976953125,1.0,0.0,0.5,0.0,0.16666666666666669,0.09090909090909091,0.48499999999999993,16,0,160,0
10,1,704,187,64,17,64,17,640,170,20,80,32,16,0.0003,0.001,0.4,0.8013428900972153,0.9878892733564013,1.0,0.0,0.5,0.0,0.16666666666666669,0.09090909090909091,0.49999999999999994,17,0,170,0
10,2,715,176,65,16,65,16,650,160,22,80,32,48,0.001,0.0005,0.4,0.7896891303141303,0.9867187500000001,0.0,1.0,0.5,0.0,0.0,0.9090909090909091,0.5349999999999999,0,160,0,16
10,3,715,176,65,16,65,16,650,160,21,48,32,16,0.001,0.0001,0.2,0.8885519261468028,0.9640625,0.4375,1.0,0.71875,0.6435846357954427,0.6086956521739131,0.9488636363636364,0.575,7,160,0,9
10,4,715,176,65,16,65,16,650,160,22,48,32,48,0.001,0.0001,0.2,0.8851426728464772,0.98984375,1.0,0.88125,0.940625,0.6347102826149446,0.6274509803921569,0.8920454545454546,0.4649999999999999,16,141,19,0
10,5,715,176,65,16,65,16,650,160,14,32,16,32,0.0005,0.0005,0.5,0.05191869578200903,0.00468749999999999,0.0,1.0,0.5,0.0,0.0,0.9090909090909091,0.4799999999999999,0,160,0,16
11,1,704,187,64,17,64,17,640,170,23,64,16,32,0.001,0.0005,0.5,0.9660283344106875,0.9968858131487889,0.6470588235294118,1.0,0.8235294117647058,0.7905694150420949,0.7857142857142858,0.9679144385026738,0.5549999999999999,11,170,0,6
11,2,715,176,65,16,65,16,650,160,35,80,16,48,0.0003,0.0001,0.2,0.9481976540616246,0.994140625,0.9375,0.975,0.95625,0.8453298971001069,0.8571428571428572,0.9715909090909091,0.4599999999999999,15,156,4,1
11,3,715,176,65,16,65,16,650,160,18,32,32,24,0.0005,0.0001,0.4,0.8614079343858756,0.9833984375000001,0.0,1.0,0.5,0.0,0.0,0.9090909090909091,0.5149999999999999,0,160,0,16
11,4,715,176,65,16,65,16,650,160,22,80,32,32,0.0005,0.0001,0.4,0.8017340219213789,0.9865234375,0.1875,0.99375,0.590625,0.3496260460735488,0.3,0.9204545454545454,0.49499999999999994,3,159,1,13
11,5,715,176,65,16,65,16,650,160,19,48,16,24,0.0003,0.001,0.2,0.7242177550154524,0.962109375,0.0,1.0,0.5,0.0,0.0,0.9090909090909091,0.49499999999999994,0,160,0,16
12,1,704,187,64,17,64,17,640,170,41,64,32,16,0.001,0.0005,0.2,0.8967218239277063,0.9923875432525952,0.9411764705882353,0.9647058823529412,0.9529411764705882,0.808290376865476,0.8205128205128205,0.9625668449197861,0.41999999999999993,16,164,6,1
12,2,715,176,65,16,65,16,650,160,15,48,48,16,0.0005,0.001,0.5,0.8061857087976224,0.9837890625,0.9375,0.95,0.94375,0.7569700748585215,0.7692307692307693,0.9488636363636364,0.4649999999999999,15,152,8,1
12,3,715,176,65,16,65,16,650,160,47,64,48,24,0.0005,0.0005,0.4,1.0,0.9999999999999999,1.0,0.95,0.975,0.7958224257542214,0.8,0.9545454545454546,0.5149999999999999,16,152,8,0
12,4,715,176,65,16,65,16,650,160,27,48,64,16,0.001,0.0005,0.4,0.8890204300530388,0.989453125,0.0,1.0,0.5,0.0,0.0,0.9090909090909091,0.4749999999999999,0,160,0,16
12,5,715,176,65,16,65,16,650,160,31,48,64,24,0.001,0.0005,0.2,0.7083641202262965,0.9527343749999999,0.0,1.0,0.5,0.0,0.0,0.9090909090909091,0.5049999999999999,0,160,0,16
13,1,704,187,64,17,64,17,640,170,23,80,48,48,0.0003,0.0001,0.4,0.8460675138010778,0.9866782006920415,0.0,1.0,0.5,0.0,0.0,0.9090909090909091,0.4799999999999999,0,170,0,17
13,2,715,176,65,16,65,16,650,160,64,48,16,24,0.0003,0.001,0.4,0.9467649537962038,0.995703125,0.625,0.99375,0.809375,0.7348469228349535,0.7407407407407406,0.9602272727272727,0.5099999999999999,10,159,1,6
13,3,715,176,65,16,65,16,650,160,33,64,16,24,0.001,0.001,0.4,0.7458026348651349,0.956640625,0.125,1.0,0.5625,0.33903175181040524,0.2222222222222222,0.9204545454545454,0.49499999999999994,2,160,0,14
13,4,715,176,65,16,65,16,650,160,35,48,48,16,0.0005,0.0001,0.5,0.9310114227877386,0.98984375,0.0,1.0,0.5,0.0,0.0,0.9090909090909091,0.48499999999999993,0,160,0,16
13,5,715,176,65,16,65,16,650,160,41,48,64,32,0.001,0.001,0.2,0.8503332961972668,0.9919921875,1.0,0.9625,0.98125,0.8366600265340756,0.8421052631578948,0.9659090909090909,0.49999999999999994,16,154,6,0
14,1,704,187,64,17,64,17,640,170,30,80,32,32,0.0003,0.001,0.2,0.7606041801459817,0.9842560553633218,0.0,1.0,0.5,0.0,0.0,0.9090909090909091,0.5499999999999999,0,170,0,17
14,2,715,176,65,16,65,16,650,160,26,32,48,48,0.001,0.0005,0.5,0.9166463333815308,0.9738281249999999,0.9375,0.9625,0.95,0.7981545534821184,0.8108108108108109,0.9602272727272727,0.5599999999999999,15,154,6,1
14,3,715,176,65,16,65,16,650,160,29,32,32,24,0.001,0.001,0.5,0.9633248185637892,0.995703125,0.75,1.0,0.875,0.8553989227683015,0.8571428571428571,0.9772727272727273,0.5499999999999999,12,160,0,4
14,4,715,176,65,16,65,16,650,160,26,48,48,24,0.0005,0.0005,0.4,0.8019942067736185,0.9859375,0.5625,0.9875,0.775,0.6531972647421809,0.6666666666666666,0.9488636363636364,0.49499999999999994,9,158,2,7
14,5,715,176,65,16,65,16,650,160,36,48,32,16,0.0005,0.001,0.2,0.8606022276334776,0.9849609375,1.0,0.0,0.5,0.0,0.16666666666666669,0.09090909090909091,0.48999999999999994,16,0,160,0
15,1,704,187,64,17,64,17,640,170,24,80,16,24,0.001,0.0001,0.5,0.7755653645574785,0.9768166089965398,0.0,1.0,0.5,0.0,0.0,0.9090909090909091,0.5499999999999999,0,170,0,17
15,2,715,176,65,16,65,16,650,160,29,48,64,16,0.001,0.001,0.4,0.9704131652661065,0.996484375,0.9375,0.98125,0.959375,0.8716708820319045,0.8823529411764706,0.9772727272727273,0.48499999999999993,15,157,3,1
15,3,715,176,65,16,65,16,650,160,27,48,32,32,0.001,0.0005,0.2,0.9413974403864109,0.99453125,1.0,0.98125,0.990625,0.9090191359227177,0.9142857142857143,0.9829545454545454,0.5349999999999999,16,157,3,0
15,4,715,176,65,16,65,16,650,160,21,32,64,48,0.001,0.001,0.5,0.7658674168524712,0.9861328125,1.0,0.95,0.975,0.7958224257542214,0.8,0.9545454545454546,0.5399999999999999,16,152,8,0
15,5,715,176,65,16,65,16,650,160,26,32,64,16,0.001,0.001,0.5,0.8726386460761462,0.9716796875,0.6875,0.99375,0.840625,0.776987354847874,0.7857142857142857,0.9659090909090909,0.49499999999999994,11,159,1,5
16,1,704,187,64,17,64,17,640,170,45,32,64,24,0.001,0.0005,0.5,0.9637736807901623,0.9970588235294118,1.0,0.9647058823529412,0.9823529411764707,0.8444190181781019,0.85,0.9679144385026738,0.4699999999999999,17,164,6,0
16,2,715,176,65,16,65,16,650,160,38,48,16,16,0.001,0.0001,0.4,0.6423624728312227,0.96640625,0.625,0.98125,0.803125,0.6663559131019311,0.6896551724137931,0.9488636363636364,0.5299999999999999,10,157,3,6
16,3,715,176,65,16,65,16,650,160,26,64,64,48,0.0005,0.0001,0.2,0.9714349376114082,0.996484375,0.0,1.0,0.5,0.0,0.0,0.9090909090909091,0.4799999999999999,0,160,0,16
16,4,715,176,65,16,65,16,650,160,38,48,16,24,0.0003,0.0005,0.2,0.8808974191517295,0.9640625000000002,0.1875,1.0,0.59375,0.41642574923301445,0.3157894736842105,0.9261363636363636,0.48999999999999994,3,160,0,13
16,5,715,176,65,16,65,16,650,160,14,80,48,16,0.0005,0.0005,0.2,0.8295928744458156,0.9876953125,0.0,1.0,0.5,0.0,0.0,0.9090909090909091,0.48999999999999994,0,160,0,16
17,1,704,187,64,17,64,17,640,170,28,48,32,16,0.001,0.001,0.2,0.7803820448557292,0.9866782006920415,1.0,0.9176470588235294,0.9588235294117646,0.7093841036079206,0.7083333333333333,0.9251336898395722,0.48999999999999994,17,156,14,0
17,2,715,176,65,16,65,16,650,160,19,32,48,32,0.001,0.0001,0.5,0.9963235294117647,0.999609375,0.0,1.0,0.5,0.0,0.0,0.9090909090909091,0.49499999999999994,0,160,0,16
17,3,715,176,65,16,65,16,650,160,23,32,48,24,0.001,0.0001,0.2,0.7379319105691057,0.9732421875,1.0,0.0,0.5,0.0,0.16666666666666669,0.09090909090909091,0.48499999999999993,16,0,160,0
17,4,715,176,65,16,65,16,650,160,35,48,64,32,0.0003,0.001,0.4,0.8856662094498329,0.96796875,0.9375,0.6125,0.775,0.3187276291558383,0.32258064516129037,0.6420454545454546,0.49999999999999994,15,98,62,1
17,5,715,176,65,16,65,16,650,160,45,32,16,48,0.0005,0.0001,0.5,0.9678203661327232,0.995703125,0.1875,1.0,0.59375,0.41642574923301445,0.3157894736842105,0.9261363636363636,0.5349999999999999,3,160,0,13
18,1,704,187,64,17,64,17,640,170,9,64,16,32,0.001,0.0005,0.5,0.9621893389194427,0.9963667820069204,0.0,1.0,0.5,0.0,0.0,0.9090909090909091,0.5349999999999999,0,170,0,17
18,2,715,176,65,16,65,16,650,160,40,64,32,48,0.0005,0.0001,0.4,0.8149496590807567,0.9677734375,0.9375,0.95,0.94375,0.7569700748585215,0.7692307692307693,0.9488636363636364,0.4499999999999999,15,152,8,1
18,3,715,176,65,16,65,16,650,160,33,48,64,48,0.001,0.0001,0.5,0.8509597020626432,0.987890625,1.0,0.9625,0.98125,0.8366600265340756,0.8421052631578948,0.9659090909090909,0.6,16,154,6,0
18,4,715,176,65,16,65,16,650,160,41,32,16,48,0.001,0.0005,0.2,0.953422619047619,0.99296875,1.0,0.925,0.9625,0.7270291799999699,0.7272727272727273,0.9318181818181818,0.48999999999999994,16,148,12,0
18,5,715,176,65,16,65,16,650,160,29,48,32,16,0.0003,0.001,0.2,0.7436236489545314,0.9781250000000001,0.5625,0.9875,0.775,0.6531972647421809,0.6666666666666666,0.9488636363636364,0.5099999999999999,9,158,2,7
19,1,704,187,64,17,64,17,640,170,34,32,16,32,0.0005,0.0005,0.2,0.923158459187871,0.9937716262975779,0.8235294117647058,0.9941176470588236,0.9088235294117647,0.8653762008469196,0.8749999999999999,0.9786096256684492,0.575,14,169,1,3
19,2,715,176,65,16,65,16,650,160,41,64,64,24,0.0003,0.0005,0.2,0.7621239361129067,0.9591796875,0.9375,0.95625,0.946875,0.7768985960673559,0.7894736842105263,0.9545454545454546,0.43999999999999995,15,153,7,1
19,3,715,176,65,16,65,16,650,160,42,64,32,48,0.0003,0.0001,0.4,0.8738964975537866,0.98515625,1.0,0.5875,0.79375,0.3385766476611513,0.326530612244898,0.625,0.49499999999999994,16,94,66,0
19,4,715,176,65,16,65,16,650,160,20,48,64,24,0.0005,0.0001,0.4,0.7892465730541389,0.9841796875,1.0,0.94375,0.971875,0.7771743691090179,0.7804878048780487,0.9488636363636364,0.49999999999999994,16,151,9,0
19,5,715,176,65,16,65,16,650,160,17,80,64,32,0.0005,0.0005,0.2,0.9321289311179017,0.9929687500000001,0.5625,1.0,0.78125,0.7341131763485946,0.72,0.9602272727272727,0.48999999999999994,9,160,0,7
20,1,704,187,64,17,64,17,640,170,29,48,64,32,0.001,0.0001,0.4,0.6727357609710551,0.9745674740484429,1.0,0.9058823529411765,0.9529411764705882,0.6831300510639733,0.6799999999999999,0.9144385026737968,0.6399999999999999,17,154,16,0
20,2,715,176,65,16,65,16,650,160,46,80,48,16,0.001,0.0005,0.4,0.8685716576704949,0.9630859375,0.875,0.95625,0.915625,0.7371844139800121,0.7567567567567567,0.9488636363636364,0.4699999999999999,14,153,7,2
20,3,715,176,65,16,65,16,650,160,20,80,48,16,0.001,0.001,0.2,0.9639069264069264,0.9960937500000001,0.625,1.0,0.8125,0.7761505257063329,0.7692307692307693,0.9659090909090909,0.5249999999999999,10,160,0,6
20,4,715,176,65,16,65,16,650,160,32,32,32,48,0.0005,0.0001,0.5,0.9719611528822055,0.996484375,1.0,0.89375,0.946875,0.6582805886043833,0.653061224489796,0.9034090909090909,0.4799999999999999,16,143,17,0
20,5,715,176,65,16,65,16,650,160,51,32,32,24,0.001,0.0005,0.2,0.9390810068199775,0.9947265625,1.0,0.9875,0.99375,0.936897954837013,0.9411764705882353,0.9886363636363636,0.6699999999999999,16,158,2,0
