trial_id,inner_fold,graph_id,y_true,predicted_probability_edc,threshold,y_pred,hidden_size1,hidden_size2,hidden_size3,lr,weight_decay,batch_size,dropout
91,1,9,1,0.9525681734085084,0.5,1,40,50,100,0.0007162378850072,0.0005040261196391,50,0.5
91,1,10,1,0.6412568092346191,0.5,1,40,50,100,0.0007162378850072,0.0005040261196391,50,0.5
91,1,32,1,0.5376718044281006,0.5,1,40,50,100,0.0007162378850072,0.0005040261196391,50,0.5
91,1,44,1,0.3703040480613708,0.5,0,40,50,100,0.0007162378850072,0.0005040261196391,50,0.5
91,1,45,1,0.4712614417076111,0.5,0,40,50,100,0.0007162378850072,0.0005040261196391,50,0.5
91,1,62,1,0.9905577898025512,0.5,1,40,50,100,0.0007162378850072,0.0005040261196391,50,0.5
91,1,63,1,0.9905577898025512,0.5,1,40,50,100,0.0007162378850072,0.0005040261196391,50,0.5
91,1,177,0,0.1894749701023101,0.5,0,40,50,100,0.0007162378850072,0.0005040261196391,50,0.5
91,1,178,0,0.0048631667159497,0.5,0,40,50,100,0.0007162378850072,0.0005040261196391,50,0.5
91,1,179,0,0.0043753767386078,0.5,0,40,50,100,0.0007162378850072,0.0005040261196391,50,0.5
91,1,180,0,0.0043756091035902,0.5,0,40,50,100,0.0007162378850072,0.0005040261196391,50,0.5
91,1,181,0,0.0043756091035902,0.5,0,40,50,100,0.0007162378850072,0.0005040261196391,50,0.5
91,1,182,0,0.0048631397075951,0.5,0,40,50,100,0.0007162378850072,0.0005040261196391,50,0.5
91,1,183,0,0.030237216502428,0.5,0,40,50,100,0.0007162378850072,0.0005040261196391,50,0.5
91,1,184,0,0.0043758479878306,0.5,0,40,50,100,0.0007162378850072,0.0005040261196391,50,0.5
91,1,185,0,0.0048629017546772,0.5,0,40,50,100,0.0007162378850072,0.0005040261196391,50,0.5
91,1,186,0,0.0067052063532173,0.5,0,40,50,100,0.0007162378850072,0.0005040261196391,50,0.5
91,1,187,0,0.0301381684839725,0.5,0,40,50,100,0.0007162378850072,0.0005040261196391,50,0.5
91,1,188,0,0.0371534898877143,0.5,0,40,50,100,0.0007162378850072,0.0005040261196391,50,0.5
91,1,189,0,0.3642450869083404,0.5,0,40,50,100,0.0007162378850072,0.0005040261196391,50,0.5
91,1,190,0,0.0048621147871017,0.5,0,40,50,100,0.0007162378850072,0.0005040261196391,50,0.5
91,1,191,0,0.0060344231314957,0.5,0,40,50,100,0.0007162378850072,0.0005040261196391,50,0.5
91,1,192,0,0.0383109897375106,0.5,0,40,50,100,0.0007162378850072,0.0005040261196391,50,0.5
91,1,193,0,0.0060346405953168,0.5,0,40,50,100,0.0007162378850072,0.0005040261196391,50,0.5
91,1,194,0,0.0044479654170572,0.5,0,40,50,100,0.0007162378850072,0.0005040261196391,50,0.5
91,1,195,0,0.0347681753337383,0.5,0,40,50,100,0.0007162378850072,0.0005040261196391,50,0.5
91,1,196,0,0.0048624817281961,0.5,0,40,50,100,0.0007162378850072,0.0005040261196391,50,0.5
91,1,407,0,0.0043755387887358,0.5,0,40,50,100,0.0007162378850072,0.0005040261196391,50,0.5
91,1,408,0,0.0043755387887358,0.5,0,40,50,100,0.0007162378850072,0.0005040261196391,50,0.5
91,1,409,0,0.173688068985939,0.5,0,40,50,100,0.0007162378850072,0.0005040261196391,50,0.5
91,1,410,0,0.0043756109662353,0.5,0,40,50,100,0.0007162378850072,0.0005040261196391,50,0.5
91,1,411,0,0.0047631184570491,0.5,0,40,50,100,0.0007162378850072,0.0005040261196391,50,0.5
91,1,412,0,0.0043753744103014,0.5,0,40,50,100,0.0007162378850072,0.0005040261196391,50,0.5
91,1,413,0,0.0061926441267132,0.5,0,40,50,100,0.0007162378850072,0.0005040261196391,50,0.5
91,1,414,0,0.0060344659723341,0.5,0,40,50,100,0.0007162378850072,0.0005040261196391,50,0.5
91,1,415,0,0.0043753744103014,0.5,0,40,50,100,0.0007162378850072,0.0005040261196391,50,0.5
91,1,416,0,0.0043753744103014,0.5,0,40,50,100,0.0007162378850072,0.0005040261196391,50,0.5
91,1,527,0,0.3499282300472259,0.5,0,40,50,100,0.0007162378850072,0.0005040261196391,50,0.5
91,1,528,0,0.0043753744103014,0.5,0,40,50,100,0.0007162378850072,0.0005040261196391,50,0.5
91,1,529,0,0.030136551707983,0.5,0,40,50,100,0.0007162378850072,0.0005040261196391,50,0.5
91,1,530,0,0.0411568395793437,0.5,0,40,50,100,0.0007162378850072,0.0005040261196391,50,0.5
91,1,531,0,0.0301381573081016,0.5,0,40,50,100,0.0007162378850072,0.0005040261196391,50,0.5
91,1,532,0,0.0073002655990421,0.5,0,40,50,100,0.0007162378850072,0.0005040261196391,50,0.5
91,1,533,0,0.0060344231314957,0.5,0,40,50,100,0.0007162378850072,0.0005040261196391,50,0.5
91,1,534,0,0.0043753744103014,0.5,0,40,50,100,0.0007162378850072,0.0005040261196391,50,0.5
91,1,535,0,0.0043753744103014,0.5,0,40,50,100,0.0007162378850072,0.0005040261196391,50,0.5
91,1,536,0,0.0043753767386078,0.5,0,40,50,100,0.0007162378850072,0.0005040261196391,50,0.5
91,1,537,0,0.0043753744103014,0.5,0,40,50,100,0.0007162378850072,0.0005040261196391,50,0.5
91,1,538,0,0.0043753744103014,0.5,0,40,50,100,0.0007162378850072,0.0005040261196391,50,0.5
91,1,539,0,0.0043753744103014,0.5,0,40,50,100,0.0007162378850072,0.0005040261196391,50,0.5
91,1,540,0,0.004375372081995,0.5,0,40,50,100,0.0007162378850072,0.0005040261196391,50,0.5
91,1,541,0,0.0043753744103014,0.5,0,40,50,100,0.0007162378850072,0.0005040261196391,50,0.5
91,1,542,0,0.0060346461832523,0.5,0,40,50,100,0.0007162378850072,0.0005040261196391,50,0.5
91,1,543,0,0.0453684367239475,0.5,0,40,50,100,0.0007162378850072,0.0005040261196391,50,0.5
91,1,544,0,0.0845255553722381,0.5,0,40,50,100,0.0007162378850072,0.0005040261196391,50,0.5
91,1,545,0,0.0043753744103014,0.5,0,40,50,100,0.0007162378850072,0.0005040261196391,50,0.5
91,1,546,0,0.3703076839447021,0.5,0,40,50,100,0.0007162378850072,0.0005040261196391,50,0.5
91,1,707,0,0.0043753744103014,0.5,0,40,50,100,0.0007162378850072,0.0005040261196391,50,0.5
91,1,708,0,0.0043756109662353,0.5,0,40,50,100,0.0007162378850072,0.0005040261196391,50,0.5
91,1,709,0,0.0371593572199344,0.5,0,40,50,100,0.0007162378850072,0.0005040261196391,50,0.5
91,1,710,0,0.0048623802140355,0.5,0,40,50,100,0.0007162378850072,0.0005040261196391,50,0.5
91,1,711,0,0.0060349754057824,0.5,0,40,50,100,0.0007162378850072,0.0005040261196391,50,0.5
91,1,712,0,0.0043753767386078,0.5,0,40,50,100,0.0007162378850072,0.0005040261196391,50,0.5
91,1,713,0,0.0065701096318662,0.5,0,40,50,100,0.0007162378850072,0.0005040261196391,50,0.5
91,1,714,0,0.0272798407822847,0.5,0,40,50,100,0.0007162378850072,0.0005040261196391,50,0.5
91,1,715,0,0.0043756109662353,0.5,0,40,50,100,0.0007162378850072,0.0005040261196391,50,0.5
91,1,716,0,0.0047633764334023,0.5,0,40,50,100,0.0007162378850072,0.0005040261196391,50,0.5
91,1,717,0,0.0567049160599708,0.5,0,40,50,100,0.0007162378850072,0.0005040261196391,50,0.5
91,1,718,0,0.004375372081995,0.5,0,40,50,100,0.0007162378850072,0.0005040261196391,50,0.5
91,1,719,0,0.0043753744103014,0.5,0,40,50,100,0.0007162378850072,0.0005040261196391,50,0.5
91,1,720,0,0.0043753767386078,0.5,0,40,50,100,0.0007162378850072,0.0005040261196391,50,0.5
91,1,721,0,0.0465501993894577,0.5,0,40,50,100,0.0007162378850072,0.0005040261196391,50,0.5
91,1,722,0,0.0060346461832523,0.5,0,40,50,100,0.0007162378850072,0.0005040261196391,50,0.5
91,1,723,0,0.0043755387887358,0.5,0,40,50,100,0.0007162378850072,0.0005040261196391,50,0.5
91,1,724,0,0.0047645084559917,0.5,0,40,50,100,0.0007162378850072,0.0005040261196391,50,0.5
91,1,725,0,0.0047636339440941,0.5,0,40,50,100,0.0007162378850072,0.0005040261196391,50,0.5
91,1,726,0,0.0043755681253969,0.5,0,40,50,100,0.0007162378850072,0.0005040261196391,50,0.5
91,2,3,1,0.6545537710189819,0.5,1,40,50,100,0.0007162378850072,0.0005040261196391,50,0.5
91,2,13,1,0.6753978133201599,0.5,1,40,50,100,0.0007162378850072,0.0005040261196391,50,0.5
91,2,22,1,0.9793367385864258,0.5,1,40,50,100,0.0007162378850072,0.0005040261196391,50,0.5
91,2,25,1,0.9966641068458556,0.5,1,40,50,100,0.0007162378850072,0.0005040261196391,50,0.5
91,2,29,1,0.6628922820091248,0.5,1,40,50,100,0.0007162378850072,0.0005040261196391,50,0.5
91,2,37,1,0.9833683371543884,0.5,1,40,50,100,0.0007162378850072,0.0005040261196391,50,0.5
91,2,80,1,0.9805493950843812,0.5,1,40,50,100,0.0007162378850072,0.0005040261196391,50,0.5
91,2,117,0,0.0444556176662445,0.5,0,40,50,100,0.0007162378850072,0.0005040261196391,50,0.5
91,2,118,0,0.0072666085325181,0.5,0,40,50,100,0.0007162378850072,0.0005040261196391,50,0.5
91,2,119,0,0.0401663295924663,0.5,0,40,50,100,0.0007162378850072,0.0005040261196391,50,0.5
91,2,120,0,0.0384149588644504,0.5,0,40,50,100,0.0007162378850072,0.0005040261196391,50,0.5
91,2,121,0,0.0089322701096534,0.5,0,40,50,100,0.0007162378850072,0.0005040261196391,50,0.5
91,2,122,0,0.0441834852099418,0.5,0,40,50,100,0.0007162378850072,0.0005040261196391,50,0.5
91,2,123,0,0.0401663295924663,0.5,0,40,50,100,0.0007162378850072,0.0005040261196391,50,0.5
91,2,124,0,0.0115967942401766,0.5,0,40,50,100,0.0007162378850072,0.0005040261196391,50,0.5
91,2,125,0,0.0384090654551982,0.5,0,40,50,100,0.0007162378850072,0.0005040261196391,50,0.5
91,2,126,0,0.0066036391071975,0.5,0,40,50,100,0.0007162378850072,0.0005040261196391,50,0.5
91,2,217,0,0.0073864310979843,0.5,0,40,50,100,0.0007162378850072,0.0005040261196391,50,0.5
91,2,218,0,0.005333358887583,0.5,0,40,50,100,0.0007162378850072,0.0005040261196391,50,0.5
91,2,219,0,0.0053338971920311,0.5,0,40,50,100,0.0007162378850072,0.0005040261196391,50,0.5
91,2,220,0,0.0053340797312557,0.5,0,40,50,100,0.0007162378850072,0.0005040261196391,50,0.5
91,2,221,0,0.0081192003563046,0.5,0,40,50,100,0.0007162378850072,0.0005040261196391,50,0.5
91,2,222,0,0.0066041965037584,0.5,0,40,50,100,0.0007162378850072,0.0005040261196391,50,0.5
91,2,223,0,0.0083159441128373,0.5,0,40,50,100,0.0007162378850072,0.0005040261196391,50,0.5
91,2,224,0,0.0060063786804676,0.5,0,40,50,100,0.0007162378850072,0.0005040261196391,50,0.5
91,2,225,0,0.0053332699462771,0.5,0,40,50,100,0.0007162378850072,0.0005040261196391,50,0.5
91,2,226,0,0.005333358887583,0.5,0,40,50,100,0.0007162378850072,0.0005040261196391,50,0.5
91,2,307,0,0.0387234091758728,0.5,0,40,50,100,0.0007162378850072,0.0005040261196391,50,0.5
91,2,308,0,0.0058640926145017,0.5,0,40,50,100,0.0007162378850072,0.0005040261196391,50,0.5
91,2,309,0,0.0058637983165681,0.5,0,40,50,100,0.0007162378850072,0.0005040261196391,50,0.5
91,2,310,0,0.0058637959882617,0.5,0,40,50,100,0.0007162378850072,0.0005040261196391,50,0.5
91,2,311,0,0.0053330929949879,0.5,0,40,50,100,0.0007162378850072,0.0005040261196391,50,0.5
91,2,312,0,0.005333358887583,0.5,0,40,50,100,0.0007162378850072,0.0005040261196391,50,0.5
91,2,313,0,0.0053330878727138,0.5,0,40,50,100,0.0007162378850072,0.0005040261196391,50,0.5
91,2,314,0,0.0073853158392012,0.5,0,40,50,100,0.0007162378850072,0.0005040261196391,50,0.5
91,2,315,0,0.0053330929949879,0.5,0,40,50,100,0.0007162378850072,0.0005040261196391,50,0.5
91,2,316,0,0.0053330906666815,0.5,0,40,50,100,0.0007162378850072,0.0005040261196391,50,0.5
91,2,337,0,0.0053330906666815,0.5,0,40,50,100,0.0007162378850072,0.0005040261196391,50,0.5
91,2,338,0,0.0053330929949879,0.5,0,40,50,100,0.0007162378850072,0.0005040261196391,50,0.5
91,2,339,0,0.0053330929949879,0.5,0,40,50,100,0.0007162378850072,0.0005040261196391,50,0.5
91,2,340,0,0.0053330929949879,0.5,0,40,50,100,0.0007162378850072,0.0005040261196391,50,0.5
91,2,341,0,0.0053333612158894,0.5,0,40,50,100,0.0007162378850072,0.0005040261196391,50,0.5
91,2,342,0,0.9833683371543884,0.5,1,40,50,100,0.0007162378850072,0.0005040261196391,50,0.5
91,2,343,0,0.0385361388325691,0.5,0,40,50,100,0.0007162378850072,0.0005040261196391,50,0.5
91,2,344,0,0.0384103581309318,0.5,0,40,50,100,0.0007162378850072,0.0005040261196391,50,0.5
91,2,345,0,0.0422582067549228,0.5,0,40,50,100,0.0007162378850072,0.0005040261196391,50,0.5
91,2,346,0,0.0384090542793273,0.5,0,40,50,100,0.0007162378850072,0.0005040261196391,50,0.5
91,2,377,0,0.3423898816108703,0.5,0,40,50,100,0.0007162378850072,0.0005040261196391,50,0.5
91,2,378,0,0.04225604981184,0.5,0,40,50,100,0.0007162378850072,0.0005040261196391,50,0.5
91,2,379,0,0.0384231470525264,0.5,0,40,50,100,0.0007162378850072,0.0005040261196391,50,0.5
91,2,380,0,0.0384231470525264,0.5,0,40,50,100,0.0007162378850072,0.0005040261196391,50,0.5
91,2,381,0,0.0422582104802131,0.5,0,40,50,100,0.0007162378850072,0.0005040261196391,50,0.5
91,2,382,0,0.0422603525221347,0.5,0,40,50,100,0.0007162378850072,0.0005040261196391,50,0.5
91,2,383,0,0.0649604052305221,0.5,0,40,50,100,0.0007162378850072,0.0005040261196391,50,0.5
91,2,384,0,0.006151954177767,0.5,0,40,50,100,0.0007162378850072,0.0005040261196391,50,0.5
91,2,385,0,0.006151954177767,0.5,0,40,50,100,0.0007162378850072,0.0005040261196391,50,0.5
91,2,386,0,0.0058637983165681,0.5,0,40,50,100,0.0007162378850072,0.0005040261196391,50,0.5
91,2,457,0,0.0053330906666815,0.5,0,40,50,100,0.0007162378850072,0.0005040261196391,50,0.5
91,2,458,0,0.0099620968103408,0.5,0,40,50,100,0.0007162378850072,0.0005040261196391,50,0.5
91,2,459,0,0.0422620922327041,0.5,0,40,50,100,0.0007162378850072,0.0005040261196391,50,0.5
91,2,460,0,0.0058637959882617,0.5,0,40,50,100,0.0007162378850072,0.0005040261196391,50,0.5
91,2,461,0,0.0058640954084694,0.5,0,40,50,100,0.0007162378850072,0.0005040261196391,50,0.5
91,2,462,0,0.0058637983165681,0.5,0,40,50,100,0.0007162378850072,0.0005040261196391,50,0.5
91,2,463,0,0.0107227582484483,0.5,0,40,50,100,0.0007162378850072,0.0005040261196391,50,0.5
91,2,464,0,0.0058640926145017,0.5,0,40,50,100,0.0007162378850072,0.0005040261196391,50,0.5
91,2,465,0,0.0722449794411659,0.5,0,40,50,100,0.0007162378850072,0.0005040261196391,50,0.5
91,2,466,0,0.0058640954084694,0.5,0,40,50,100,0.0007162378850072,0.0005040261196391,50,0.5
91,2,887,0,0.0058637983165681,0.5,0,40,50,100,0.0007162378850072,0.0005040261196391,50,0.5
91,2,888,0,0.0069282501935958,0.5,0,40,50,100,0.0007162378850072,0.0005040261196391,50,0.5
91,2,889,0,0.006763594225049,0.5,0,40,50,100,0.0007162378850072,0.0005040261196391,50,0.5
91,2,890,0,0.0058634979650378,0.5,0,40,50,100,0.0007162378850072,0.0005040261196391,50,0.5
91,2,891,0,0.0053330929949879,0.5,0,40,50,100,0.0007162378850072,0.0005040261196391,50,0.5
91,2,892,0,0.005333358887583,0.5,0,40,50,100,0.0007162378850072,0.0005040261196391,50,0.5
91,2,893,0,0.0053333612158894,0.5,0,40,50,100,0.0007162378850072,0.0005040261196391,50,0.5
91,2,894,0,0.1169350072741508,0.5,0,40,50,100,0.0007162378850072,0.0005040261196391,50,0.5
91,2,895,0,0.0073850639164447,0.5,0,40,50,100,0.0007162378850072,0.0005040261196391,50,0.5
91,2,896,0,0.0680272653698921,0.5,0,40,50,100,0.0007162378850072,0.0005040261196391,50,0.5
91,3,6,1,0.9952942728996276,0.5,1,40,50,100,0.0007162378850072,0.0005040261196391,50,0.5
91,3,8,1,0.5796391367912292,0.5,1,40,50,100,0.0007162378850072,0.0005040261196391,50,0.5
91,3,16,1,0.954249918460846,0.5,1,40,50,100,0.0007162378850072,0.0005040261196391,50,0.5
91,3,58,1,0.9626448750495912,0.5,1,40,50,100,0.0007162378850072,0.0005040261196391,50,0.5
91,3,60,1,0.252044528722763,0.5,0,40,50,100,0.0007162378850072,0.0005040261196391,50,0.5
91,3,65,1,0.4050503075122833,0.5,0,40,50,100,0.0007162378850072,0.0005040261196391,50,0.5
91,3,77,1,0.6086720824241638,0.5,1,40,50,100,0.0007162378850072,0.0005040261196391,50,0.5
91,3,147,0,0.0047085308469831,0.5,0,40,50,100,0.0007162378850072,0.0005040261196391,50,0.5
91,3,148,0,0.0060143754817545,0.5,0,40,50,100,0.0007162378850072,0.0005040261196391,50,0.5
91,3,149,0,0.0238392446190118,0.5,0,40,50,100,0.0007162378850072,0.0005040261196391,50,0.5
91,3,150,0,0.0231892876327037,0.5,0,40,50,100,0.0007162378850072,0.0005040261196391,50,0.5
91,3,151,0,0.0212882310152053,0.5,0,40,50,100,0.0007162378850072,0.0005040261196391,50,0.5
91,3,152,0,0.0201184675097465,0.5,0,40,50,100,0.0007162378850072,0.0005040261196391,50,0.5
91,3,153,0,0.020700043067336,0.5,0,40,50,100,0.0007162378850072,0.0005040261196391,50,0.5
91,3,154,0,0.0052310568280518,0.5,0,40,50,100,0.0007162378850072,0.0005040261196391,50,0.5
91,3,155,0,0.0191938150674104,0.5,0,40,50,100,0.0007162378850072,0.0005040261196391,50,0.5
91,3,156,0,0.0312225427478551,0.5,0,40,50,100,0.0007162378850072,0.0005040261196391,50,0.5
91,3,167,0,0.0039094816893339,0.5,0,40,50,100,0.0007162378850072,0.0005040261196391,50,0.5
91,3,168,0,0.0041309655643999,0.5,0,40,50,100,0.0007162378850072,0.0005040261196391,50,0.5
91,3,169,0,0.020118473097682,0.5,0,40,50,100,0.0007162378850072,0.0005040261196391,50,0.5
91,3,170,0,0.0041309655643999,0.5,0,40,50,100,0.0007162378850072,0.0005040261196391,50,0.5
91,3,171,0,0.003718078834936,0.5,0,40,50,100,0.0007162378850072,0.0005040261196391,50,0.5
91,3,172,0,0.0048320782370865,0.5,0,40,50,100,0.0007162378850072,0.0005040261196391,50,0.5
91,3,173,0,0.0212893821299076,0.5,0,40,50,100,0.0007162378850072,0.0005040261196391,50,0.5
91,3,174,0,0.0037178809288889,0.5,0,40,50,100,0.0007162378850072,0.0005040261196391,50,0.5
91,3,175,0,0.0214983448386192,0.5,0,40,50,100,0.0007162378850072,0.0005040261196391,50,0.5
91,3,176,0,0.0037178809288889,0.5,0,40,50,100,0.0007162378850072,0.0005040261196391,50,0.5
91,3,247,0,0.022955285385251,0.5,0,40,50,100,0.0007162378850072,0.0005040261196391,50,0.5
91,3,248,0,0.0207008831202983,0.5,0,40,50,100,0.0007162378850072,0.0005040261196391,50,0.5
91,3,249,0,0.0212885215878486,0.5,0,40,50,100,0.0007162378850072,0.0005040261196391,50,0.5
91,3,250,0,0.0037179463542997,0.5,0,40,50,100,0.0007162378850072,0.0005040261196391,50,0.5
91,3,251,0,0.0037178809288889,0.5,0,40,50,100,0.0007162378850072,0.0005040261196391,50,0.5
91,3,252,0,0.0212893821299076,0.5,0,40,50,100,0.0007162378850072,0.0005040261196391,50,0.5
91,3,253,0,0.0052665723487734,0.5,0,40,50,100,0.0007162378850072,0.0005040261196391,50,0.5
91,3,254,0,0.0290369074791669,0.5,0,40,50,100,0.0007162378850072,0.0005040261196391,50,0.5
91,3,255,0,0.0269380342215299,0.5,0,40,50,100,0.0007162378850072,0.0005040261196391,50,0.5
91,3,256,0,0.0212890803813934,0.5,0,40,50,100,0.0007162378850072,0.0005040261196391,50,0.5
91,3,667,0,0.0039094816893339,0.5,0,40,50,100,0.0007162378850072,0.0005040261196391,50,0.5
91,3,668,0,0.0039093778468668,0.5,0,40,50,100,0.0007162378850072,0.0005040261196391,50,0.5
91,3,669,0,0.003909483551979,0.5,0,40,50,100,0.0007162378850072,0.0005040261196391,50,0.5
91,3,670,0,0.0047084060497581,0.5,0,40,50,100,0.0007162378850072,0.0005040261196391,50,0.5
91,3,671,0,0.0049542328342795,0.5,0,40,50,100,0.0007162378850072,0.0005040261196391,50,0.5
91,3,672,0,0.0047082807868719,0.5,0,40,50,100,0.0007162378850072,0.0005040261196391,50,0.5
91,3,673,0,0.0047082784585654,0.5,0,40,50,100,0.0007162378850072,0.0005040261196391,50,0.5
91,3,674,0,0.0334095656871795,0.5,0,40,50,100,0.0007162378850072,0.0005040261196391,50,0.5
91,3,675,0,0.0334095656871795,0.5,0,40,50,100,0.0007162378850072,0.0005040261196391,50,0.5
91,3,676,0,0.0039094816893339,0.5,0,40,50,100,0.0007162378850072,0.0005040261196391,50,0.5
91,3,687,0,0.0047083660028874,0.5,0,40,50,100,0.0007162378850072,0.0005040261196391,50,0.5
91,3,688,0,0.0039093778468668,0.5,0,40,50,100,0.0007162378850072,0.0005040261196391,50,0.5
91,3,689,0,0.0039093778468668,0.5,0,40,50,100,0.0007162378850072,0.0005040261196391,50,0.5
91,3,690,0,0.003717782208696,0.5,0,40,50,100,0.0007162378850072,0.0005040261196391,50,0.5
91,3,691,0,0.0264360159635543,0.5,0,40,50,100,0.0007162378850072,0.0005040261196391,50,0.5
91,3,692,0,0.0445815324783325,0.5,0,40,50,100,0.0007162378850072,0.0005040261196391,50,0.5
91,3,693,0,0.0039094816893339,0.5,0,40,50,100,0.0007162378850072,0.0005040261196391,50,0.5
91,3,694,0,0.003717782208696,0.5,0,40,50,100,0.0007162378850072,0.0005040261196391,50,0.5
91,3,695,0,0.3016754388809204,0.5,0,40,50,100,0.0007162378850072,0.0005040261196391,50,0.5
91,3,696,0,0.0215067826211452,0.5,0,40,50,100,0.0007162378850072,0.0005040261196391,50,0.5
91,3,737,0,0.0445813164114952,0.5,0,40,50,100,0.0007162378850072,0.0005040261196391,50,0.5
91,3,738,0,0.0055042342282831,0.5,0,40,50,100,0.0007162378850072,0.0005040261196391,50,0.5
91,3,739,0,0.0398495085537433,0.5,0,40,50,100,0.0007162378850072,0.0005040261196391,50,0.5
91,3,740,0,0.0047082807868719,0.5,0,40,50,100,0.0007162378850072,0.0005040261196391,50,0.5
91,3,741,0,0.003717782208696,0.5,0,40,50,100,0.0007162378850072,0.0005040261196391,50,0.5
91,3,742,0,0.003717782208696,0.5,0,40,50,100,0.0007162378850072,0.0005040261196391,50,0.5
91,3,743,0,0.0048999274149537,0.5,0,40,50,100,0.0007162378850072,0.0005040261196391,50,0.5
91,3,744,0,0.0037178809288889,0.5,0,40,50,100,0.0007162378850072,0.0005040261196391,50,0.5
91,3,745,0,0.003717782208696,0.5,0,40,50,100,0.0007162378850072,0.0005040261196391,50,0.5
91,3,746,0,0.0037178634665906,0.5,0,40,50,100,0.0007162378850072,0.0005040261196391,50,0.5
91,3,857,0,0.0191938150674104,0.5,0,40,50,100,0.0007162378850072,0.0005040261196391,50,0.5
91,3,858,0,0.0039094816893339,0.5,0,40,50,100,0.0007162378850072,0.0005040261196391,50,0.5
91,3,859,0,0.0191938150674104,0.5,0,40,50,100,0.0007162378850072,0.0005040261196391,50,0.5
91,3,860,0,0.0039093759842216,0.5,0,40,50,100,0.0007162378850072,0.0005040261196391,50,0.5
91,3,861,0,0.0247515942901372,0.5,0,40,50,100,0.0007162378850072,0.0005040261196391,50,0.5
91,3,862,0,0.0243015736341476,0.5,0,40,50,100,0.0007162378850072,0.0005040261196391,50,0.5
91,3,863,0,0.003717782208696,0.5,0,40,50,100,0.0007162378850072,0.0005040261196391,50,0.5
91,3,864,0,0.0206983834505081,0.5,0,40,50,100,0.0007162378850072,0.0005040261196391,50,0.5
91,3,865,0,0.0039094798266887,0.5,0,40,50,100,0.0007162378850072,0.0005040261196391,50,0.5
91,3,866,0,0.004130742046982,0.5,0,40,50,100,0.0007162378850072,0.0005040261196391,50,0.5
91,4,24,1,0.9902347326278688,0.5,1,40,50,100,0.0007162378850072,0.0005040261196391,50,0.5
91,4,38,1,0.9902347326278688,0.5,1,40,50,100,0.0007162378850072,0.0005040261196391,50,0.5
91,4,40,1,0.6695356965065002,0.5,1,40,50,100,0.0007162378850072,0.0005040261196391,50,0.5
91,4,48,1,0.6567698121070862,0.5,1,40,50,100,0.0007162378850072,0.0005040261196391,50,0.5
91,4,55,1,0.9985576272010804,0.5,1,40,50,100,0.0007162378850072,0.0005040261196391,50,0.5
91,4,74,1,0.9902347326278688,0.5,1,40,50,100,0.0007162378850072,0.0005040261196391,50,0.5
91,4,78,1,0.9985300302505492,0.5,1,40,50,100,0.0007162378850072,0.0005040261196391,50,0.5
91,4,327,0,0.0043357196263968,0.5,0,40,50,100,0.0007162378850072,0.0005040261196391,50,0.5
91,4,328,0,0.0043357196263968,0.5,0,40,50,100,0.0007162378850072,0.0005040261196391,50,0.5
91,4,329,0,0.0047736433334648,0.5,0,40,50,100,0.0007162378850072,0.0005040261196391,50,0.5
91,4,330,0,0.0043357177637517,0.5,0,40,50,100,0.0007162378850072,0.0005040261196391,50,0.5
91,4,331,0,0.1085297539830207,0.5,0,40,50,100,0.0007162378850072,0.0005040261196391,50,0.5
91,4,332,0,0.0047738924622535,0.5,0,40,50,100,0.0007162378850072,0.0005040261196391,50,0.5
91,4,333,0,0.0047738901339471,0.5,0,40,50,100,0.0007162378850072,0.0005040261196391,50,0.5
91,4,334,0,0.0047738901339471,0.5,0,40,50,100,0.0007162378850072,0.0005040261196391,50,0.5
91,4,335,0,0.0043357177637517,0.5,0,40,50,100,0.0007162378850072,0.0005040261196391,50,0.5
91,4,336,0,0.0047738901339471,0.5,0,40,50,100,0.0007162378850072,0.0005040261196391,50,0.5
91,4,467,0,0.0067992764525115,0.5,0,40,50,100,0.0007162378850072,0.0005040261196391,50,0.5
91,4,468,0,0.0043354933150112,0.5,0,40,50,100,0.0007162378850072,0.0005040261196391,50,0.5
91,4,469,0,0.7921756505966187,0.5,1,40,50,100,0.0007162378850072,0.0005040261196391,50,0.5
91,4,470,0,0.0056781801395118,0.5,0,40,50,100,0.0007162378850072,0.0005040261196391,50,0.5
91,4,471,0,0.007483537774533,0.5,0,40,50,100,0.0007162378850072,0.0005040261196391,50,0.5
91,4,472,0,0.0065815327689051,0.5,0,40,50,100,0.0007162378850072,0.0005040261196391,50,0.5
91,4,473,0,0.0043354933150112,0.5,0,40,50,100,0.0007162378850072,0.0005040261196391,50,0.5
91,4,474,0,0.0424846820533275,0.5,0,40,50,100,0.0007162378850072,0.0005040261196391,50,0.5
91,4,475,0,0.0047738924622535,0.5,0,40,50,100,0.0007162378850072,0.0005040261196391,50,0.5
91,4,476,0,0.0067992764525115,0.5,0,40,50,100,0.0007162378850072,0.0005040261196391,50,0.5
91,4,487,0,0.0067990417592227,0.5,0,40,50,100,0.0007162378850072,0.0005040261196391,50,0.5
91,4,488,0,0.2388178557157516,0.5,0,40,50,100,0.0007162378850072,0.0005040261196391,50,0.5
91,4,489,0,0.0059790397062897,0.5,0,40,50,100,0.0007162378850072,0.0005040261196391,50,0.5
91,4,490,0,0.0043354933150112,0.5,0,40,50,100,0.0007162378850072,0.0005040261196391,50,0.5
91,4,491,0,0.0043354933150112,0.5,0,40,50,100,0.0007162378850072,0.0005040261196391,50,0.5
91,4,492,0,0.0043356739915907,0.5,0,40,50,100,0.0007162378850072,0.0005040261196391,50,0.5
91,4,493,0,0.0047738901339471,0.5,0,40,50,100,0.0007162378850072,0.0005040261196391,50,0.5
91,4,494,0,0.0439725816249847,0.5,0,40,50,100,0.0007162378850072,0.0005040261196391,50,0.5
91,4,495,0,0.9876683354377748,0.5,1,40,50,100,0.0007162378850072,0.0005040261196391,50,0.5
91,4,496,0,0.0283947624266147,0.5,0,40,50,100,0.0007162378850072,0.0005040261196391,50,0.5
91,4,567,0,0.0047738859429955,0.5,0,40,50,100,0.0007162378850072,0.0005040261196391,50,0.5
91,4,568,0,0.0059793489053845,0.5,0,40,50,100,0.0007162378850072,0.0005040261196391,50,0.5
91,4,569,0,0.0043354933150112,0.5,0,40,50,100,0.0007162378850072,0.0005040261196391,50,0.5
91,4,570,0,0.0541541464626789,0.5,0,40,50,100,0.0007162378850072,0.0005040261196391,50,0.5
91,4,571,0,0.0074831484816968,0.5,0,40,50,100,0.0007162378850072,0.0005040261196391,50,0.5
91,4,572,0,0.0047736456617712,0.5,0,40,50,100,0.0007162378850072,0.0005040261196391,50,0.5
91,4,573,0,0.004336254671216,0.5,0,40,50,100,0.0007162378850072,0.0005040261196391,50,0.5
91,4,574,0,0.0043362528085708,0.5,0,40,50,100,0.0007162378850072,0.0005040261196391,50,0.5
91,4,575,0,0.0047738924622535,0.5,0,40,50,100,0.0007162378850072,0.0005040261196391,50,0.5
91,4,576,0,0.0043354933150112,0.5,0,40,50,100,0.0007162378850072,0.0005040261196391,50,0.5
91,4,637,0,0.0043354933150112,0.5,0,40,50,100,0.0007162378850072,0.0005040261196391,50,0.5
91,4,638,0,0.0043354933150112,0.5,0,40,50,100,0.0007162378850072,0.0005040261196391,50,0.5
91,4,639,0,0.0043354909867048,0.5,0,40,50,100,0.0007162378850072,0.0005040261196391,50,0.5
91,4,640,0,0.0043357196263968,0.5,0,40,50,100,0.0007162378850072,0.0005040261196391,50,0.5
91,4,641,0,0.0321861878037452,0.5,0,40,50,100,0.0007162378850072,0.0005040261196391,50,0.5
91,4,642,0,0.0787456780672073,0.5,0,40,50,100,0.0007162378850072,0.0005040261196391,50,0.5
91,4,643,0,0.0043354933150112,0.5,0,40,50,100,0.0007162378850072,0.0005040261196391,50,0.5
91,4,644,0,0.0342399962246418,0.5,0,40,50,100,0.0007162378850072,0.0005040261196391,50,0.5
91,4,645,0,0.0067989225499331,0.5,0,40,50,100,0.0007162378850072,0.0005040261196391,50,0.5
91,4,646,0,0.0047736456617712,0.5,0,40,50,100,0.0007162378850072,0.0005040261196391,50,0.5
91,4,827,0,0.0043357177637517,0.5,0,40,50,100,0.0007162378850072,0.0005040261196391,50,0.5
91,4,828,0,0.0321920365095138,0.5,0,40,50,100,0.0007162378850072,0.0005040261196391,50,0.5
91,4,829,0,0.0541556291282177,0.5,0,40,50,100,0.0007162378850072,0.0005040261196391,50,0.5
91,4,830,0,0.0387861728668212,0.5,0,40,50,100,0.0007162378850072,0.0005040261196391,50,0.5
91,4,831,0,0.0049312068149447,0.5,0,40,50,100,0.0007162378850072,0.0005040261196391,50,0.5
91,4,832,0,0.0049312044866383,0.5,0,40,50,100,0.0007162378850072,0.0005040261196391,50,0.5
91,4,833,0,0.0043357196263968,0.5,0,40,50,100,0.0007162378850072,0.0005040261196391,50,0.5
91,4,834,0,0.0043357177637517,0.5,0,40,50,100,0.0007162378850072,0.0005040261196391,50,0.5
91,4,835,0,0.0067996243014931,0.5,0,40,50,100,0.0007162378850072,0.0005040261196391,50,0.5
91,4,836,0,0.0049316282384097,0.5,0,40,50,100,0.0007162378850072,0.0005040261196391,50,0.5
91,4,867,0,0.0059797349385917,0.5,0,40,50,100,0.0007162378850072,0.0005040261196391,50,0.5
91,4,868,0,0.0047736433334648,0.5,0,40,50,100,0.0007162378850072,0.0005040261196391,50,0.5
91,4,869,0,0.0283918902277946,0.5,0,40,50,100,0.0007162378850072,0.0005040261196391,50,0.5
91,4,870,0,0.02839189581573,0.5,0,40,50,100,0.0007162378850072,0.0005040261196391,50,0.5
91,4,871,0,0.0391972512006759,0.5,0,40,50,100,0.0007162378850072,0.0005040261196391,50,0.5
91,4,872,0,0.0059797349385917,0.5,0,40,50,100,0.0007162378850072,0.0005040261196391,50,0.5
91,4,873,0,0.0059797349385917,0.5,0,40,50,100,0.0007162378850072,0.0005040261196391,50,0.5
91,4,874,0,0.0056781801395118,0.5,0,40,50,100,0.0007162378850072,0.0005040261196391,50,0.5
91,4,875,0,0.0283933151513338,0.5,0,40,50,100,0.0007162378850072,0.0005040261196391,50,0.5
91,4,876,0,0.0047738901339471,0.5,0,40,50,100,0.0007162378850072,0.0005040261196391,50,0.5
91,5,2,1,0.9969260096549988,0.5,1,40,50,100,0.0007162378850072,0.0005040261196391,50,0.5
91,5,5,1,0.9605615735054016,0.5,1,40,50,100,0.0007162378850072,0.0005040261196391,50,0.5
91,5,15,1,0.9935076236724854,0.5,1,40,50,100,0.0007162378850072,0.0005040261196391,50,0.5
91,5,17,1,0.9508558511734008,0.5,1,40,50,100,0.0007162378850072,0.0005040261196391,50,0.5
91,5,36,1,0.3825689852237701,0.5,0,40,50,100,0.0007162378850072,0.0005040261196391,50,0.5
91,5,39,1,0.9605615735054016,0.5,1,40,50,100,0.0007162378850072,0.0005040261196391,50,0.5
91,5,53,1,0.2828750610351562,0.5,0,40,50,100,0.0007162378850072,0.0005040261196391,50,0.5
91,5,107,0,0.0119805438444018,0.5,0,40,50,100,0.0007162378850072,0.0005040261196391,50,0.5
91,5,108,0,0.0119805438444018,0.5,0,40,50,100,0.0007162378850072,0.0005040261196391,50,0.5
91,5,109,0,0.0050126095302402,0.5,0,40,50,100,0.0007162378850072,0.0005040261196391,50,0.5
91,5,110,0,0.0160496551543474,0.5,0,40,50,100,0.0007162378850072,0.0005040261196391,50,0.5
91,5,111,0,0.0188202168792486,0.5,0,40,50,100,0.0007162378850072,0.0005040261196391,50,0.5
91,5,112,0,0.0038594475481659,0.5,0,40,50,100,0.0007162378850072,0.0005040261196391,50,0.5
91,5,113,0,0.007379163056612,0.5,0,40,50,100,0.0007162378850072,0.0005040261196391,50,0.5
91,5,114,0,0.00426737498492,0.5,0,40,50,100,0.0007162378850072,0.0005040261196391,50,0.5
91,5,115,0,0.0146594392135739,0.5,0,40,50,100,0.0007162378850072,0.0005040261196391,50,0.5
91,5,116,0,0.0146594392135739,0.5,0,40,50,100,0.0007162378850072,0.0005040261196391,50,0.5
91,5,137,0,0.0868840590119361,0.5,0,40,50,100,0.0007162378850072,0.0005040261196391,50,0.5
91,5,138,0,0.9969261288642884,0.5,1,40,50,100,0.0007162378850072,0.0005040261196391,50,0.5
91,5,139,0,0.0110032875090837,0.5,0,40,50,100,0.0007162378850072,0.0005040261196391,50,0.5
91,5,140,0,0.010629529133439,0.5,0,40,50,100,0.0007162378850072,0.0005040261196391,50,0.5
91,5,141,0,0.0136301927268505,0.5,0,40,50,100,0.0007162378850072,0.0005040261196391,50,0.5
91,5,142,0,0.0035058984067291,0.5,0,40,50,100,0.0007162378850072,0.0005040261196391,50,0.5
91,5,143,0,0.0128609994426369,0.5,0,40,50,100,0.0007162378850072,0.0005040261196391,50,0.5
91,5,144,0,0.0140371136367321,0.5,0,40,50,100,0.0007162378850072,0.0005040261196391,50,0.5
91,5,145,0,0.0323856361210346,0.5,0,40,50,100,0.0007162378850072,0.0005040261196391,50,0.5
91,5,146,0,0.0843019410967826,0.5,0,40,50,100,0.0007162378850072,0.0005040261196391,50,0.5
91,5,237,0,0.0106294592842459,0.5,0,40,50,100,0.0007162378850072,0.0005040261196391,50,0.5
91,5,238,0,0.0034204537514597,0.5,0,40,50,100,0.0007162378850072,0.0005040261196391,50,0.5
91,5,239,0,0.0030778211075812,0.5,0,40,50,100,0.0007162378850072,0.0005040261196391,50,0.5
91,5,240,0,0.358950138092041,0.5,0,40,50,100,0.0007162378850072,0.0005040261196391,50,0.5
91,5,241,0,0.0160488635301589,0.5,0,40,50,100,0.0007162378850072,0.0005040261196391,50,0.5
91,5,242,0,0.155854120850563,0.5,0,40,50,100,0.0007162378850072,0.0005040261196391,50,0.5
91,5,243,0,0.0119814584031701,0.5,0,40,50,100,0.0007162378850072,0.0005040261196391,50,0.5
91,5,244,0,0.1162100583314895,0.5,0,40,50,100,0.0007162378850072,0.0005040261196391,50,0.5
91,5,245,0,0.0038591853808611,0.5,0,40,50,100,0.0007162378850072,0.0005040261196391,50,0.5
91,5,246,0,0.0119805503636598,0.5,0,40,50,100,0.0007162378850072,0.0005040261196391,50,0.5
91,5,257,0,0.0119815832003951,0.5,0,40,50,100,0.0007162378850072,0.0005040261196391,50,0.5
91,5,258,0,0.0119805503636598,0.5,0,40,50,100,0.0007162378850072,0.0005040261196391,50,0.5
91,5,259,0,0.0128611996769905,0.5,0,40,50,100,0.0007162378850072,0.0005040261196391,50,0.5
91,5,260,0,0.0119810020551085,0.5,0,40,50,100,0.0007162378850072,0.0005040261196391,50,0.5
91,5,261,0,0.0032823884394019,0.5,0,40,50,100,0.0007162378850072,0.0005040261196391,50,0.5
91,5,262,0,0.0213009305298328,0.5,0,40,50,100,0.0007162378850072,0.0005040261196391,50,0.5
91,5,263,0,0.0032818769104778,0.5,0,40,50,100,0.0007162378850072,0.0005040261196391,50,0.5
91,5,264,0,0.0106287226080894,0.5,0,40,50,100,0.0007162378850072,0.0005040261196391,50,0.5
91,5,265,0,0.0146222990006208,0.5,0,40,50,100,0.0007162378850072,0.0005040261196391,50,0.5
91,5,266,0,0.0037385374307632,0.5,0,40,50,100,0.0007162378850072,0.0005040261196391,50,0.5
91,5,447,0,0.0106291268020868,0.5,0,40,50,100,0.0007162378850072,0.0005040261196391,50,0.5
91,5,448,0,0.0129805728793144,0.5,0,40,50,100,0.0007162378850072,0.0005040261196391,50,0.5
91,5,449,0,0.0201288163661956,0.5,0,40,50,100,0.0007162378850072,0.0005040261196391,50,0.5
91,5,450,0,0.0041819899342954,0.5,0,40,50,100,0.0007162378850072,0.0005040261196391,50,0.5
91,5,451,0,0.0025541975628584,0.5,0,40,50,100,0.0007162378850072,0.0005040261196391,50,0.5
91,5,452,0,0.0120084704831242,0.5,0,40,50,100,0.0007162378850072,0.0005040261196391,50,0.5
91,5,453,0,0.0027279634959995,0.5,0,40,50,100,0.0007162378850072,0.0005040261196391,50,0.5
91,5,454,0,0.0027280955109745,0.5,0,40,50,100,0.0007162378850072,0.0005040261196391,50,0.5
91,5,455,0,0.0106291230767965,0.5,0,40,50,100,0.0007162378850072,0.0005040261196391,50,0.5
91,5,456,0,0.0201288163661956,0.5,0,40,50,100,0.0007162378850072,0.0005040261196391,50,0.5
91,5,477,0,0.0025541090872138,0.5,0,40,50,100,0.0007162378850072,0.0005040261196391,50,0.5
91,5,478,0,0.0027279634959995,0.5,0,40,50,100,0.0007162378850072,0.0005040261196391,50,0.5
91,5,479,0,0.0027279634959995,0.5,0,40,50,100,0.0007162378850072,0.0005040261196391,50,0.5
91,5,480,0,0.0125715527683496,0.5,0,40,50,100,0.0007162378850072,0.0005040261196391,50,0.5
91,5,481,0,0.0028820387087762,0.5,0,40,50,100,0.0007162378850072,0.0005040261196391,50,0.5
91,5,482,0,0.0025541987270116,0.5,0,40,50,100,0.0007162378850072,0.0005040261196391,50,0.5
91,5,483,0,0.0129810748621821,0.5,0,40,50,100,0.0007162378850072,0.0005040261196391,50,0.5
91,5,484,0,0.0128652863204479,0.5,0,40,50,100,0.0007162378850072,0.0005040261196391,50,0.5
91,5,485,0,0.0485828109085559,0.5,0,40,50,100,0.0007162378850072,0.0005040261196391,50,0.5
91,5,486,0,0.0485828109085559,0.5,0,40,50,100,0.0007162378850072,0.0005040261196391,50,0.5
91,5,617,0,0.0027278673369437,0.5,0,40,50,100,0.0007162378850072,0.0005040261196391,50,0.5
91,5,618,0,0.0036531272344291,0.5,0,40,50,100,0.0007162378850072,0.0005040261196391,50,0.5
91,5,619,0,0.0172322113066911,0.5,0,40,50,100,0.0007162378850072,0.0005040261196391,50,0.5
91,5,620,0,0.0027279634959995,0.5,0,40,50,100,0.0007162378850072,0.0005040261196391,50,0.5
91,5,621,0,0.0027279634959995,0.5,0,40,50,100,0.0007162378850072,0.0005040261196391,50,0.5
91,5,622,0,0.015377358533442,0.5,0,40,50,100,0.0007162378850072,0.0005040261196391,50,0.5
91,5,623,0,0.0025541104841977,0.5,0,40,50,100,0.0007162378850072,0.0005040261196391,50,0.5
91,5,624,0,0.0385209061205387,0.5,0,40,50,100,0.0007162378850072,0.0005040261196391,50,0.5
91,5,625,0,0.0038591341581195,0.5,0,40,50,100,0.0007162378850072,0.0005040261196391,50,0.5
91,5,626,0,0.0432650968432426,0.5,0,40,50,100,0.0007162378850072,0.0005040261196391,50,0.5
91,6,18,1,0.9820396304130554,0.5,1,40,50,100,0.0007162378850072,0.0005040261196391,50,0.5
91,6,26,1,0.2080962210893631,0.5,0,40,50,100,0.0007162378850072,0.0005040261196391,50,0.5
91,6,54,1,0.1770184189081192,0.5,0,40,50,100,0.0007162378850072,0.0005040261196391,50,0.5
91,6,59,1,0.1084561720490455,0.5,0,40,50,100,0.0007162378850072,0.0005040261196391,50,0.5
91,6,68,1,0.890209972858429,0.5,1,40,50,100,0.0007162378850072,0.0005040261196391,50,0.5
91,6,72,1,0.8901802897453308,0.5,1,40,50,100,0.0007162378850072,0.0005040261196391,50,0.5
91,6,267,0,0.009809480048716,0.5,0,40,50,100,0.0007162378850072,0.0005040261196391,50,0.5
91,6,268,0,0.0076902532018721,0.5,0,40,50,100,0.0007162378850072,0.0005040261196391,50,0.5
91,6,269,0,0.0010084155946969,0.5,0,40,50,100,0.0007162378850072,0.0005040261196391,50,0.5
91,6,270,0,0.0009224385721608,0.5,0,40,50,100,0.0007162378850072,0.0005040261196391,50,0.5
91,6,271,0,0.0058505926281213,0.5,0,40,50,100,0.0007162378850072,0.0005040261196391,50,0.5
91,6,272,0,0.0071619781665503,0.5,0,40,50,100,0.0007162378850072,0.0005040261196391,50,0.5
91,6,273,0,0.001009052270092,0.5,0,40,50,100,0.0007162378850072,0.0005040261196391,50,0.5
91,6,274,0,0.0009219192434102,0.5,0,40,50,100,0.0007162378850072,0.0005040261196391,50,0.5
91,6,275,0,0.0008646851638332,0.5,0,40,50,100,0.0007162378850072,0.0005040261196391,50,0.5
91,6,276,0,0.0008646851638332,0.5,0,40,50,100,0.0007162378850072,0.0005040261196391,50,0.5
91,6,347,0,0.0111003387719392,0.5,0,40,50,100,0.0007162378850072,0.0005040261196391,50,0.5
91,6,348,0,0.0008196150301955,0.5,0,40,50,100,0.0007162378850072,0.0005040261196391,50,0.5
91,6,349,0,0.0076901391148567,0.5,0,40,50,100,0.0007162378850072,0.0005040261196391,50,0.5
91,6,350,0,0.0077631147578358,0.5,0,40,50,100,0.0007162378850072,0.0005040261196391,50,0.5
91,6,351,0,0.0058500547893345,0.5,0,40,50,100,0.0007162378850072,0.0005040261196391,50,0.5
91,6,352,0,0.0008196150301955,0.5,0,40,50,100,0.0007162378850072,0.0005040261196391,50,0.5
91,6,353,0,0.0058921719901263,0.5,0,40,50,100,0.0007162378850072,0.0005040261196391,50,0.5
91,6,354,0,0.00589179713279,0.5,0,40,50,100,0.0007162378850072,0.0005040261196391,50,0.5
91,6,355,0,0.0007687247125431,0.5,0,40,50,100,0.0007162378850072,0.0005040261196391,50,0.5
91,6,356,0,0.0007687251199968,0.5,0,40,50,100,0.0007162378850072,0.0005040261196391,50,0.5
91,6,627,0,0.0007687247125431,0.5,0,40,50,100,0.0007162378850072,0.0005040261196391,50,0.5
91,6,628,0,0.00976481474936,0.5,0,40,50,100,0.0007162378850072,0.0005040261196391,50,0.5
91,6,629,0,0.0007687251199968,0.5,0,40,50,100,0.0007162378850072,0.0005040261196391,50,0.5
91,6,630,0,0.0007687247125431,0.5,0,40,50,100,0.0007162378850072,0.0005040261196391,50,0.5
91,6,631,0,0.0007687247125431,0.5,0,40,50,100,0.0007162378850072,0.0005040261196391,50,0.5
91,6,632,0,0.0007687247125431,0.5,0,40,50,100,0.0007162378850072,0.0005040261196391,50,0.5
91,6,633,0,0.0007687255274504,0.5,0,40,50,100,0.0007162378850072,0.0005040261196391,50,0.5
91,6,634,0,0.0007687247125431,0.5,0,40,50,100,0.0007162378850072,0.0005040261196391,50,0.5
91,6,635,0,0.0007687251199968,0.5,0,40,50,100,0.0007162378850072,0.0005040261196391,50,0.5
91,6,636,0,0.0007687247125431,0.5,0,40,50,100,0.0007162378850072,0.0005040261196391,50,0.5
91,6,677,0,0.0008196150301955,0.5,0,40,50,100,0.0007162378850072,0.0005040261196391,50,0.5
91,6,678,0,0.0007687521283514,0.5,0,40,50,100,0.0007162378850072,0.0005040261196391,50,0.5
91,6,679,0,0.0007687251199968,0.5,0,40,50,100,0.0007162378850072,0.0005040261196391,50,0.5
91,6,680,0,0.0007687247125431,0.5,0,40,50,100,0.0007162378850072,0.0005040261196391,50,0.5
91,6,681,0,0.0007687251199968,0.5,0,40,50,100,0.0007162378850072,0.0005040261196391,50,0.5
91,6,682,0,0.0007687470060773,0.5,0,40,50,100,0.0007162378850072,0.0005040261196391,50,0.5
91,6,683,0,0.0007687466568313,0.5,0,40,50,100,0.0007162378850072,0.0005040261196391,50,0.5
91,6,684,0,0.0010759389260783,0.5,0,40,50,100,0.0007162378850072,0.0005040261196391,50,0.5
91,6,685,0,0.0126027194783091,0.5,0,40,50,100,0.0007162378850072,0.0005040261196391,50,0.5
91,6,686,0,0.0007687521283514,0.5,0,40,50,100,0.0007162378850072,0.0005040261196391,50,0.5
91,6,767,0,0.0072359209880232,0.5,0,40,50,100,0.0007162378850072,0.0005040261196391,50,0.5
91,6,768,0,0.006375488359481,0.5,0,40,50,100,0.0007162378850072,0.0005040261196391,50,0.5
91,6,769,0,0.0063752890564501,0.5,0,40,50,100,0.0007162378850072,0.0005040261196391,50,0.5
91,6,770,0,0.0058502983301877,0.5,0,40,50,100,0.0007162378850072,0.0005040261196391,50,0.5
91,6,771,0,0.0063755824230611,0.5,0,40,50,100,0.0007162378850072,0.0005040261196391,50,0.5
91,6,772,0,0.0052036605775356,0.5,0,40,50,100,0.0007162378850072,0.0005040261196391,50,0.5
91,6,773,0,0.0052034179680049,0.5,0,40,50,100,0.0007162378850072,0.0005040261196391,50,0.5
91,6,774,0,0.0066610765643417,0.5,0,40,50,100,0.0007162378850072,0.0005040261196391,50,0.5
91,6,775,0,0.0087201353162527,0.5,0,40,50,100,0.0007162378850072,0.0005040261196391,50,0.5
91,6,776,0,0.0058503234758973,0.5,0,40,50,100,0.0007162378850072,0.0005040261196391,50,0.5
91,6,807,0,0.0008646753849461,0.5,0,40,50,100,0.0007162378850072,0.0005040261196391,50,0.5
91,6,808,0,0.0008646753849461,0.5,0,40,50,100,0.0007162378850072,0.0005040261196391,50,0.5
91,6,809,0,0.0008646551286801,0.5,0,40,50,100,0.0007162378850072,0.0005040261196391,50,0.5
91,6,810,0,0.0008647050126455,0.5,0,40,50,100,0.0007162378850072,0.0005040261196391,50,0.5
91,6,811,0,0.0008647054200991,0.5,0,40,50,100,0.0007162378850072,0.0005040261196391,50,0.5
91,6,812,0,0.0008647054200991,0.5,0,40,50,100,0.0007162378850072,0.0005040261196391,50,0.5
91,6,813,0,0.0008646551286801,0.5,0,40,50,100,0.0007162378850072,0.0005040261196391,50,0.5
91,6,814,0,0.0111675802618265,0.5,0,40,50,100,0.0007162378850072,0.0005040261196391,50,0.5
91,6,815,0,0.0008647359791211,0.5,0,40,50,100,0.0007162378850072,0.0005040261196391,50,0.5
91,6,816,0,0.0008647054200991,0.5,0,40,50,100,0.0007162378850072,0.0005040261196391,50,0.5
91,7,20,1,0.9581512212753296,0.5,1,40,50,100,0.0007162378850072,0.0005040261196391,50,0.5
91,7,42,1,0.2146122753620147,0.5,0,40,50,100,0.0007162378850072,0.0005040261196391,50,0.5
91,7,47,1,0.997196078300476,0.5,1,40,50,100,0.0007162378850072,0.0005040261196391,50,0.5
91,7,67,1,0.9581512212753296,0.5,1,40,50,100,0.0007162378850072,0.0005040261196391,50,0.5
91,7,71,1,0.0212466288357973,0.5,0,40,50,100,0.0007162378850072,0.0005040261196391,50,0.5
91,7,79,1,0.9581512212753296,0.5,1,40,50,100,0.0007162378850072,0.0005040261196391,50,0.5
91,7,287,0,0.1470621079206466,0.5,0,40,50,100,0.0007162378850072,0.0005040261196391,50,0.5
91,7,288,0,0.0092108491808176,0.5,0,40,50,100,0.0007162378850072,0.0005040261196391,50,0.5
91,7,289,0,0.1114286705851554,0.5,0,40,50,100,0.0007162378850072,0.0005040261196391,50,0.5
91,7,290,0,0.0014040233800187,0.5,0,40,50,100,0.0007162378850072,0.0005040261196391,50,0.5
91,7,291,0,0.9665210247039796,0.5,1,40,50,100,0.0007162378850072,0.0005040261196391,50,0.5
91,7,292,0,0.0012406978057697,0.5,0,40,50,100,0.0007162378850072,0.0005040261196391,50,0.5
91,7,293,0,0.0013180508976802,0.5,0,40,50,100,0.0007162378850072,0.0005040261196391,50,0.5
91,7,294,0,0.0372208021581172,0.5,0,40,50,100,0.0007162378850072,0.0005040261196391,50,0.5
91,7,295,0,0.0012406978057697,0.5,0,40,50,100,0.0007162378850072,0.0005040261196391,50,0.5
91,7,296,0,0.0017276584403589,0.5,0,40,50,100,0.0007162378850072,0.0005040261196391,50,0.5
91,7,507,0,0.0081414254382252,0.5,0,40,50,100,0.0007162378850072,0.0005040261196391,50,0.5
91,7,508,0,0.0081413341686129,0.5,0,40,50,100,0.0007162378850072,0.0005040261196391,50,0.5
91,7,509,0,0.0084573589265346,0.5,0,40,50,100,0.0007162378850072,0.0005040261196391,50,0.5
91,7,510,0,0.0012407298199832,0.5,0,40,50,100,0.0007162378850072,0.0005040261196391,50,0.5
91,7,511,0,0.0017275465652346,0.5,0,40,50,100,0.0007162378850072,0.0005040261196391,50,0.5
91,7,512,0,0.0090640569105744,0.5,0,40,50,100,0.0007162378850072,0.0005040261196391,50,0.5
91,7,513,0,0.0013180847745388,0.5,0,40,50,100,0.0007162378850072,0.0005040261196391,50,0.5
91,7,514,0,0.0073118545114994,0.5,0,40,50,100,0.0007162378850072,0.0005040261196391,50,0.5
91,7,515,0,0.0017274915007874,0.5,0,40,50,100,0.0007162378850072,0.0005040261196391,50,0.5
91,7,516,0,0.0013180847745388,0.5,0,40,50,100,0.0007162378850072,0.0005040261196391,50,0.5
91,7,557,0,0.0012892398517578,0.5,0,40,50,100,0.0007162378850072,0.0005040261196391,50,0.5
91,7,558,0,0.0012406978057697,0.5,0,40,50,100,0.0007162378850072,0.0005040261196391,50,0.5
91,7,559,0,0.0013180508976802,0.5,0,40,50,100,0.0007162378850072,0.0005040261196391,50,0.5
91,7,560,0,0.0013180922251194,0.5,0,40,50,100,0.0007162378850072,0.0005040261196391,50,0.5
91,7,561,0,0.0013180922251194,0.5,0,40,50,100,0.0007162378850072,0.0005040261196391,50,0.5
91,7,562,0,0.0013180508976802,0.5,0,40,50,100,0.0007162378850072,0.0005040261196391,50,0.5
91,7,563,0,0.0013181348331272,0.5,0,40,50,100,0.0007162378850072,0.0005040261196391,50,0.5
91,7,564,0,0.0013180933892726,0.5,0,40,50,100,0.0007162378850072,0.0005040261196391,50,0.5
91,7,565,0,0.0013180508976802,0.5,0,40,50,100,0.0007162378850072,0.0005040261196391,50,0.5
91,7,566,0,0.0013180922251194,0.5,0,40,50,100,0.0007162378850072,0.0005040261196391,50,0.5
91,7,757,0,0.0104693230241537,0.5,0,40,50,100,0.0007162378850072,0.0005040261196391,50,0.5
91,7,758,0,0.0159840397536754,0.5,0,40,50,100,0.0007162378850072,0.0005040261196391,50,0.5
91,7,759,0,0.0073123495094478,0.5,0,40,50,100,0.0007162378850072,0.0005040261196391,50,0.5
91,7,760,0,0.0082733072340488,0.5,0,40,50,100,0.0007162378850072,0.0005040261196391,50,0.5
91,7,761,0,0.0116650825366377,0.5,0,40,50,100,0.0007162378850072,0.0005040261196391,50,0.5
91,7,762,0,0.0729206055402755,0.5,0,40,50,100,0.0007162378850072,0.0005040261196391,50,0.5
91,7,763,0,0.001727529335767,0.5,0,40,50,100,0.0007162378850072,0.0005040261196391,50,0.5
91,7,764,0,0.0014041141839697,0.5,0,40,50,100,0.0007162378850072,0.0005040261196391,50,0.5
91,7,765,0,0.0116650825366377,0.5,0,40,50,100,0.0007162378850072,0.0005040261196391,50,0.5
91,7,766,0,0.0081418920308351,0.5,0,40,50,100,0.0007162378850072,0.0005040261196391,50,0.5
91,7,797,0,0.0082685425877571,0.5,0,40,50,100,0.0007162378850072,0.0005040261196391,50,0.5
91,7,798,0,0.0073123495094478,0.5,0,40,50,100,0.0007162378850072,0.0005040261196391,50,0.5
91,7,799,0,0.0085888067260384,0.5,0,40,50,100,0.0007162378850072,0.0005040261196391,50,0.5
91,7,800,0,0.0091515267267823,0.5,0,40,50,100,0.0007162378850072,0.0005040261196391,50,0.5
91,7,801,0,0.2200080752372741,0.5,0,40,50,100,0.0007162378850072,0.0005040261196391,50,0.5
91,7,802,0,0.0014040226815268,0.5,0,40,50,100,0.0007162378850072,0.0005040261196391,50,0.5
91,7,803,0,0.0172988139092922,0.5,0,40,50,100,0.0007162378850072,0.0005040261196391,50,0.5
91,7,804,0,0.0012406978057697,0.5,0,40,50,100,0.0007162378850072,0.0005040261196391,50,0.5
91,7,805,0,0.0014086323790252,0.5,0,40,50,100,0.0007162378850072,0.0005040261196391,50,0.5
91,7,806,0,0.0016264530131593,0.5,0,40,50,100,0.0007162378850072,0.0005040261196391,50,0.5
91,7,877,0,0.0081414254382252,0.5,0,40,50,100,0.0007162378850072,0.0005040261196391,50,0.5
91,7,878,0,0.0020793997682631,0.5,0,40,50,100,0.0007162378850072,0.0005040261196391,50,0.5
91,7,879,0,0.0082933008670806,0.5,0,40,50,100,0.0007162378850072,0.0005040261196391,50,0.5
91,7,880,0,0.0084389885887503,0.5,0,40,50,100,0.0007162378850072,0.0005040261196391,50,0.5
91,7,881,0,0.0073115150444209,0.5,0,40,50,100,0.0007162378850072,0.0005040261196391,50,0.5
91,7,882,0,0.0073115117847919,0.5,0,40,50,100,0.0007162378850072,0.0005040261196391,50,0.5
91,7,883,0,0.0082933008670806,0.5,0,40,50,100,0.0007162378850072,0.0005040261196391,50,0.5
91,7,884,0,0.0073115150444209,0.5,0,40,50,100,0.0007162378850072,0.0005040261196391,50,0.5
91,7,885,0,0.0073115117847919,0.5,0,40,50,100,0.0007162378850072,0.0005040261196391,50,0.5
91,7,886,0,0.0073115150444209,0.5,0,40,50,100,0.0007162378850072,0.0005040261196391,50,0.5
91,8,4,1,0.9848880767822266,0.5,1,40,50,100,0.0007162378850072,0.0005040261196391,50,0.5
91,8,11,1,0.9811192750930786,0.5,1,40,50,100,0.0007162378850072,0.0005040261196391,50,0.5
91,8,33,1,0.9811192750930786,0.5,1,40,50,100,0.0007162378850072,0.0005040261196391,50,0.5
91,8,43,1,0.6301923990249634,0.5,1,40,50,100,0.0007162378850072,0.0005040261196391,50,0.5
91,8,49,1,0.7445969581604004,0.5,1,40,50,100,0.0007162378850072,0.0005040261196391,50,0.5
91,8,66,1,0.0211404226720333,0.5,0,40,50,100,0.0007162378850072,0.0005040261196391,50,0.5
91,8,127,0,0.0112273227423429,0.5,0,40,50,100,0.0007162378850072,0.0005040261196391,50,0.5
91,8,128,0,0.0127168521285057,0.5,0,40,50,100,0.0007162378850072,0.0005040261196391,50,0.5
91,8,129,0,0.0159401930868625,0.5,0,40,50,100,0.0007162378850072,0.0005040261196391,50,0.5
91,8,130,0,0.1641647964715957,0.5,0,40,50,100,0.0007162378850072,0.0005040261196391,50,0.5
91,8,131,0,0.1098657548427581,0.5,0,40,50,100,0.0007162378850072,0.0005040261196391,50,0.5
91,8,132,0,0.0987200960516929,0.5,0,40,50,100,0.0007162378850072,0.0005040261196391,50,0.5
91,8,133,0,0.1679434478282928,0.5,0,40,50,100,0.0007162378850072,0.0005040261196391,50,0.5
91,8,134,0,0.2261556386947631,0.5,0,40,50,100,0.0007162378850072,0.0005040261196391,50,0.5
91,8,135,0,0.0212428886443376,0.5,0,40,50,100,0.0007162378850072,0.0005040261196391,50,0.5
91,8,136,0,0.023529652506113,0.5,0,40,50,100,0.0007162378850072,0.0005040261196391,50,0.5
91,8,197,0,0.0124496472999453,0.5,0,40,50,100,0.0007162378850072,0.0005040261196391,50,0.5
91,8,198,0,0.0112273227423429,0.5,0,40,50,100,0.0007162378850072,0.0005040261196391,50,0.5
91,8,199,0,0.0992075502872467,0.5,0,40,50,100,0.0007162378850072,0.0005040261196391,50,0.5
91,8,200,0,0.011226687580347,0.5,0,40,50,100,0.0007162378850072,0.0005040261196391,50,0.5
91,8,201,0,0.011226687580347,0.5,0,40,50,100,0.0007162378850072,0.0005040261196391,50,0.5
91,8,202,0,0.0902614220976829,0.5,0,40,50,100,0.0007162378850072,0.0005040261196391,50,0.5
91,8,203,0,0.0112273227423429,0.5,0,40,50,100,0.0007162378850072,0.0005040261196391,50,0.5
91,8,204,0,0.011226687580347,0.5,0,40,50,100,0.0007162378850072,0.0005040261196391,50,0.5
91,8,205,0,0.0987087786197662,0.5,0,40,50,100,0.0007162378850072,0.0005040261196391,50,0.5
91,8,206,0,0.1098713502287864,0.5,0,40,50,100,0.0007162378850072,0.0005040261196391,50,0.5
91,8,417,0,0.0179267264902591,0.5,0,40,50,100,0.0007162378850072,0.0005040261196391,50,0.5
91,8,418,0,0.0179267264902591,0.5,0,40,50,100,0.0007162378850072,0.0005040261196391,50,0.5
91,8,419,0,0.109872005879879,0.5,0,40,50,100,0.0007162378850072,0.0005040261196391,50,0.5
91,8,420,0,0.0124971652403473,0.5,0,40,50,100,0.0007162378850072,0.0005040261196391,50,0.5
91,8,421,0,0.0124496361240744,0.5,0,40,50,100,0.0007162378850072,0.0005040261196391,50,0.5
91,8,422,0,0.1362163871526718,0.5,0,40,50,100,0.0007162378850072,0.0005040261196391,50,0.5
91,8,423,0,0.0124971652403473,0.5,0,40,50,100,0.0007162378850072,0.0005040261196391,50,0.5
91,8,424,0,0.6492161154747009,0.5,1,40,50,100,0.0007162378850072,0.0005040261196391,50,0.5
91,8,425,0,0.0112273227423429,0.5,0,40,50,100,0.0007162378850072,0.0005040261196391,50,0.5
91,8,426,0,0.011226687580347,0.5,0,40,50,100,0.0007162378850072,0.0005040261196391,50,0.5
91,8,517,0,0.2784250378608703,0.5,0,40,50,100,0.0007162378850072,0.0005040261196391,50,0.5
91,8,518,0,0.2784250378608703,0.5,0,40,50,100,0.0007162378850072,0.0005040261196391,50,0.5
91,8,519,0,0.0161739606410264,0.5,0,40,50,100,0.0007162378850072,0.0005040261196391,50,0.5
91,8,520,0,0.011226687580347,0.5,0,40,50,100,0.0007162378850072,0.0005040261196391,50,0.5
91,8,521,0,0.011226687580347,0.5,0,40,50,100,0.0007162378850072,0.0005040261196391,50,0.5
91,8,522,0,0.011226687580347,0.5,0,40,50,100,0.0007162378850072,0.0005040261196391,50,0.5
91,8,523,0,0.011226687580347,0.5,0,40,50,100,0.0007162378850072,0.0005040261196391,50,0.5
91,8,524,0,0.011226687580347,0.5,0,40,50,100,0.0007162378850072,0.0005040261196391,50,0.5
91,8,525,0,0.0124971652403473,0.5,0,40,50,100,0.0007162378850072,0.0005040261196391,50,0.5
91,8,526,0,0.0124979550018906,0.5,0,40,50,100,0.0007162378850072,0.0005040261196391,50,0.5
91,8,577,0,0.011226687580347,0.5,0,40,50,100,0.0007162378850072,0.0005040261196391,50,0.5
91,8,578,0,0.0112272063270211,0.5,0,40,50,100,0.0007162378850072,0.0005040261196391,50,0.5
91,8,579,0,0.0112272063270211,0.5,0,40,50,100,0.0007162378850072,0.0005040261196391,50,0.5
91,8,580,0,0.0112272063270211,0.5,0,40,50,100,0.0007162378850072,0.0005040261196391,50,0.5
91,8,581,0,0.2139518558979034,0.5,0,40,50,100,0.0007162378850072,0.0005040261196391,50,0.5
91,8,582,0,0.0179964490234851,0.5,0,40,50,100,0.0007162378850072,0.0005040261196391,50,0.5
91,8,583,0,0.2320647239685058,0.5,0,40,50,100,0.0007162378850072,0.0005040261196391,50,0.5
91,8,584,0,0.0112273227423429,0.5,0,40,50,100,0.0007162378850072,0.0005040261196391,50,0.5
91,8,585,0,0.0112272007390856,0.5,0,40,50,100,0.0007162378850072,0.0005040261196391,50,0.5
91,8,586,0,0.0112273227423429,0.5,0,40,50,100,0.0007162378850072,0.0005040261196391,50,0.5
91,8,747,0,0.0124979615211486,0.5,0,40,50,100,0.0007162378850072,0.0005040261196391,50,0.5
91,8,748,0,0.011226687580347,0.5,0,40,50,100,0.0007162378850072,0.0005040261196391,50,0.5
91,8,749,0,0.0112266922369599,0.5,0,40,50,100,0.0007162378850072,0.0005040261196391,50,0.5
91,8,750,0,0.1931670159101486,0.5,0,40,50,100,0.0007162378850072,0.0005040261196391,50,0.5
91,8,751,0,0.1098657548427581,0.5,0,40,50,100,0.0007162378850072,0.0005040261196391,50,0.5
91,8,752,0,0.1098636761307716,0.5,0,40,50,100,0.0007162378850072,0.0005040261196391,50,0.5
91,8,753,0,0.0112279681488871,0.5,0,40,50,100,0.0007162378850072,0.0005040261196391,50,0.5
91,8,754,0,0.0987741500139236,0.5,0,40,50,100,0.0007162378850072,0.0005040261196391,50,0.5
91,8,755,0,0.0987849682569503,0.5,0,40,50,100,0.0007162378850072,0.0005040261196391,50,0.5
91,8,756,0,0.0987741500139236,0.5,0,40,50,100,0.0007162378850072,0.0005040261196391,50,0.5
91,9,19,1,0.9407151341438292,0.5,1,40,50,100,0.0007162378850072,0.0005040261196391,50,0.5
91,9,21,1,0.9817780256271362,0.5,1,40,50,100,0.0007162378850072,0.0005040261196391,50,0.5
91,9,27,1,0.9510551691055298,0.5,1,40,50,100,0.0007162378850072,0.0005040261196391,50,0.5
91,9,35,1,0.9510551691055298,0.5,1,40,50,100,0.0007162378850072,0.0005040261196391,50,0.5
91,9,61,1,0.9510551691055298,0.5,1,40,50,100,0.0007162378850072,0.0005040261196391,50,0.5
91,9,69,1,0.6077016592025757,0.5,1,40,50,100,0.0007162378850072,0.0005040261196391,50,0.5
91,9,277,0,0.0024631710257381,0.5,0,40,50,100,0.0007162378850072,0.0005040261196391,50,0.5
91,9,278,0,0.0355456136167049,0.5,0,40,50,100,0.0007162378850072,0.0005040261196391,50,0.5
91,9,279,0,0.0021941710729151,0.5,0,40,50,100,0.0007162378850072,0.0005040261196391,50,0.5
91,9,280,0,0.0180696714669466,0.5,0,40,50,100,0.0007162378850072,0.0005040261196391,50,0.5
91,9,281,0,0.0021939403377473,0.5,0,40,50,100,0.0007162378850072,0.0005040261196391,50,0.5
91,9,282,0,0.0024624729994684,0.5,0,40,50,100,0.0007162378850072,0.0005040261196391,50,0.5
91,9,283,0,0.0024626005906611,0.5,0,40,50,100,0.0007162378850072,0.0005040261196391,50,0.5
91,9,284,0,0.0253560133278369,0.5,0,40,50,100,0.0007162378850072,0.0005040261196391,50,0.5
91,9,285,0,0.0180685836821794,0.5,0,40,50,100,0.0007162378850072,0.0005040261196391,50,0.5
91,9,286,0,0.0091598676517605,0.5,0,40,50,100,0.0007162378850072,0.0005040261196391,50,0.5
91,9,297,0,0.0024215772282332,0.5,0,40,50,100,0.0007162378850072,0.0005040261196391,50,0.5
91,9,298,0,0.0367116518318653,0.5,0,40,50,100,0.0007162378850072,0.0005040261196391,50,0.5
91,9,299,0,0.0029049403965473,0.5,0,40,50,100,0.0007162378850072,0.0005040261196391,50,0.5
91,9,300,0,0.0203118454664945,0.5,0,40,50,100,0.0007162378850072,0.0005040261196391,50,0.5
91,9,301,0,0.0039700688794255,0.5,0,40,50,100,0.0007162378850072,0.0005040261196391,50,0.5
91,9,302,0,0.0039702951908111,0.5,0,40,50,100,0.0007162378850072,0.0005040261196391,50,0.5
91,9,303,0,0.0181200318038463,0.5,0,40,50,100,0.0007162378850072,0.0005040261196391,50,0.5
91,9,304,0,0.0021939403377473,0.5,0,40,50,100,0.0007162378850072,0.0005040261196391,50,0.5
91,9,305,0,0.0021939394064247,0.5,0,40,50,100,0.0007162378850072,0.0005040261196391,50,0.5
91,9,306,0,0.0372317023575305,0.5,0,40,50,100,0.0007162378850072,0.0005040261196391,50,0.5
91,9,357,0,0.0180682204663753,0.5,0,40,50,100,0.0007162378850072,0.0005040261196391,50,0.5
91,9,358,0,0.0180674735456705,0.5,0,40,50,100,0.0007162378850072,0.0005040261196391,50,0.5
91,9,359,0,0.0180674735456705,0.5,0,40,50,100,0.0007162378850072,0.0005040261196391,50,0.5
91,9,360,0,0.0282361209392547,0.5,0,40,50,100,0.0007162378850072,0.0005040261196391,50,0.5
91,9,361,0,0.0202509611845016,0.5,0,40,50,100,0.0007162378850072,0.0005040261196391,50,0.5
91,9,362,0,0.2317065000534057,0.5,0,40,50,100,0.0007162378850072,0.0005040261196391,50,0.5
91,9,363,0,0.0202534291893243,0.5,0,40,50,100,0.0007162378850072,0.0005040261196391,50,0.5
91,9,364,0,0.0202513691037893,0.5,0,40,50,100,0.0007162378850072,0.0005040261196391,50,0.5
91,9,365,0,0.0021945615299046,0.5,0,40,50,100,0.0007162378850072,0.0005040261196391,50,0.5
91,9,366,0,0.0021939403377473,0.5,0,40,50,100,0.0007162378850072,0.0005040261196391,50,0.5
91,9,437,0,0.0032055948395282,0.5,0,40,50,100,0.0007162378850072,0.0005040261196391,50,0.5
91,9,438,0,0.0021939394064247,0.5,0,40,50,100,0.0007162378850072,0.0005040261196391,50,0.5
91,9,439,0,0.0021939394064247,0.5,0,40,50,100,0.0007162378850072,0.0005040261196391,50,0.5
91,9,440,0,0.0809352919459343,0.5,0,40,50,100,0.0007162378850072,0.0005040261196391,50,0.5
91,9,441,0,0.0021939403377473,0.5,0,40,50,100,0.0007162378850072,0.0005040261196391,50,0.5
91,9,442,0,0.0024215783923864,0.5,0,40,50,100,0.0007162378850072,0.0005040261196391,50,0.5
91,9,443,0,0.1315669119358062,0.5,0,40,50,100,0.0007162378850072,0.0005040261196391,50,0.5
91,9,444,0,0.5267993211746216,0.5,1,40,50,100,0.0007162378850072,0.0005040261196391,50,0.5
91,9,445,0,0.0021940334700047,0.5,0,40,50,100,0.0007162378850072,0.0005040261196391,50,0.5
91,9,446,0,0.0028605435509234,0.5,0,40,50,100,0.0007162378850072,0.0005040261196391,50,0.5
91,9,697,0,0.00242157606408,0.5,0,40,50,100,0.0007162378850072,0.0005040261196391,50,0.5
91,9,698,0,0.0024215772282332,0.5,0,40,50,100,0.0007162378850072,0.0005040261196391,50,0.5
91,9,699,0,0.4698083400726318,0.5,0,40,50,100,0.0007162378850072,0.0005040261196391,50,0.5
91,9,700,0,0.003205876564607,0.5,0,40,50,100,0.0007162378850072,0.0005040261196391,50,0.5
91,9,701,0,0.0180674791336059,0.5,0,40,50,100,0.0007162378850072,0.0005040261196391,50,0.5
91,9,702,0,0.0021939403377473,0.5,0,40,50,100,0.0007162378850072,0.0005040261196391,50,0.5
91,9,703,0,0.0024214391596615,0.5,0,40,50,100,0.0007162378850072,0.0005040261196391,50,0.5
91,9,704,0,0.0024214377626776,0.5,0,40,50,100,0.0007162378850072,0.0005040261196391,50,0.5
91,9,705,0,0.0021941699087619,0.5,0,40,50,100,0.0007162378850072,0.0005040261196391,50,0.5
91,9,706,0,0.002194034634158,0.5,0,40,50,100,0.0007162378850072,0.0005040261196391,50,0.5
91,9,777,0,0.0226976610720157,0.5,0,40,50,100,0.0007162378850072,0.0005040261196391,50,0.5
91,9,778,0,0.0202513691037893,0.5,0,40,50,100,0.0007162378850072,0.0005040261196391,50,0.5
91,9,779,0,0.0180685799568891,0.5,0,40,50,100,0.0007162378850072,0.0005040261196391,50,0.5
91,9,780,0,0.0024626026861369,0.5,0,40,50,100,0.0007162378850072,0.0005040261196391,50,0.5
91,9,781,0,0.0202674400061368,0.5,0,40,50,100,0.0007162378850072,0.0005040261196391,50,0.5
91,9,782,0,0.0028926134109497,0.5,0,40,50,100,0.0007162378850072,0.0005040261196391,50,0.5
91,9,783,0,0.0021939403377473,0.5,0,40,50,100,0.0007162378850072,0.0005040261196391,50,0.5
91,9,784,0,0.1532706618309021,0.5,0,40,50,100,0.0007162378850072,0.0005040261196391,50,0.5
91,9,785,0,0.0021940553560853,0.5,0,40,50,100,0.0007162378850072,0.0005040261196391,50,0.5
91,9,786,0,0.0180790647864341,0.5,0,40,50,100,0.0007162378850072,0.0005040261196391,50,0.5
91,10,0,1,0.8066381812095642,0.5,1,40,50,100,0.0007162378850072,0.0005040261196391,50,0.5
91,10,1,1,0.8066381812095642,0.5,1,40,50,100,0.0007162378850072,0.0005040261196391,50,0.5
91,10,31,1,0.941946804523468,0.5,1,40,50,100,0.0007162378850072,0.0005040261196391,50,0.5
91,10,46,1,0.9816749691963196,0.5,1,40,50,100,0.0007162378850072,0.0005040261196391,50,0.5
91,10,50,1,0.5716728568077087,0.5,1,40,50,100,0.0007162378850072,0.0005040261196391,50,0.5
91,10,51,1,0.0203046556562185,0.5,0,40,50,100,0.0007162378850072,0.0005040261196391,50,0.5
91,10,87,0,0.8066381812095642,0.5,1,40,50,100,0.0007162378850072,0.0005040261196391,50,0.5
91,10,88,0,0.0012215594761073,0.5,0,40,50,100,0.0007162378850072,0.0005040261196391,50,0.5
91,10,89,0,0.1521532982587814,0.5,0,40,50,100,0.0007162378850072,0.0005040261196391,50,0.5
91,10,90,0,0.000817765307147,0.5,0,40,50,100,0.0007162378850072,0.0005040261196391,50,0.5
91,10,91,0,0.0152431670576334,0.5,0,40,50,100,0.0007162378850072,0.0005040261196391,50,0.5
91,10,92,0,0.0008273053681477,0.5,0,40,50,100,0.0007162378850072,0.0005040261196391,50,0.5
91,10,93,0,0.0104957353323698,0.5,0,40,50,100,0.0007162378850072,0.0005040261196391,50,0.5
91,10,94,0,0.000817765307147,0.5,0,40,50,100,0.0007162378850072,0.0005040261196391,50,0.5
91,10,95,0,0.0071682706475257,0.5,0,40,50,100,0.0007162378850072,0.0005040261196391,50,0.5
91,10,96,0,0.0104963891208171,0.5,0,40,50,100,0.0007162378850072,0.0005040261196391,50,0.5
91,10,97,0,0.0012184079969301,0.5,0,40,50,100,0.0007162378850072,0.0005040261196391,50,0.5
91,10,98,0,0.0013652145862579,0.5,0,40,50,100,0.0007162378850072,0.0005040261196391,50,0.5
91,10,99,0,0.0031321130227297,0.5,0,40,50,100,0.0007162378850072,0.0005040261196391,50,0.5
91,10,100,0,0.008025124669075,0.5,0,40,50,100,0.0007162378850072,0.0005040261196391,50,0.5
91,10,101,0,0.0008271863916888,0.5,0,40,50,100,0.0007162378850072,0.0005040261196391,50,0.5
91,10,102,0,0.0014281519688665,0.5,0,40,50,100,0.0007162378850072,0.0005040261196391,50,0.5
91,10,103,0,0.0071450746618211,0.5,0,40,50,100,0.0007162378850072,0.0005040261196391,50,0.5
91,10,104,0,0.0071455184370279,0.5,0,40,50,100,0.0007162378850072,0.0005040261196391,50,0.5
91,10,105,0,0.0073400428518652,0.5,0,40,50,100,0.0007162378850072,0.0005040261196391,50,0.5
91,10,106,0,0.0080241216346621,0.5,0,40,50,100,0.0007162378850072,0.0005040261196391,50,0.5
91,10,397,0,0.0008175720577128,0.5,0,40,50,100,0.0007162378850072,0.0005040261196391,50,0.5
91,10,398,0,0.0008176211267709,0.5,0,40,50,100,0.0007162378850072,0.0005040261196391,50,0.5
91,10,399,0,0.0008176211267709,0.5,0,40,50,100,0.0007162378850072,0.0005040261196391,50,0.5
91,10,400,0,0.0009268457069993,0.5,0,40,50,100,0.0007162378850072,0.0005040261196391,50,0.5
91,10,401,0,0.0007296542171388,0.5,0,40,50,100,0.0007162378850072,0.0005040261196391,50,0.5
91,10,402,0,0.0008176211267709,0.5,0,40,50,100,0.0007162378850072,0.0005040261196391,50,0.5
91,10,403,0,0.0008175720577128,0.5,0,40,50,100,0.0007162378850072,0.0005040261196391,50,0.5
91,10,404,0,0.0008175717084668,0.5,0,40,50,100,0.0007162378850072,0.0005040261196391,50,0.5
91,10,405,0,0.0010744776809588,0.5,0,40,50,100,0.0007162378850072,0.0005040261196391,50,0.5
91,10,406,0,0.006307624746114,0.5,0,40,50,100,0.0007162378850072,0.0005040261196391,50,0.5
91,10,547,0,0.0009269017609767,0.5,0,40,50,100,0.0007162378850072,0.0005040261196391,50,0.5
91,10,548,0,0.0071455151773989,0.5,0,40,50,100,0.0007162378850072,0.0005040261196391,50,0.5
91,10,549,0,0.0080506512895226,0.5,0,40,50,100,0.0007162378850072,0.0005040261196391,50,0.5
91,10,550,0,0.0080517930909991,0.5,0,40,50,100,0.0007162378850072,0.0005040261196391,50,0.5
91,10,551,0,0.0007296454859897,0.5,0,40,50,100,0.0007162378850072,0.0005040261196391,50,0.5
91,10,552,0,0.0008176710107363,0.5,0,40,50,100,0.0007162378850072,0.0005040261196391,50,0.5
91,10,553,0,0.0007296089897863,0.5,0,40,50,100,0.0007162378850072,0.0005040261196391,50,0.5
91,10,554,0,0.1538964360952377,0.5,0,40,50,100,0.0007162378850072,0.0005040261196391,50,0.5
91,10,555,0,0.0063077020458877,0.5,0,40,50,100,0.0007162378850072,0.0005040261196391,50,0.5
91,10,556,0,0.0007296093972399,0.5,0,40,50,100,0.0007162378850072,0.0005040261196391,50,0.5
91,10,587,0,0.0008176710107363,0.5,0,40,50,100,0.0007162378850072,0.0005040261196391,50,0.5
91,10,588,0,0.0008176211267709,0.5,0,40,50,100,0.0007162378850072,0.0005040261196391,50,0.5
91,10,589,0,0.0239805318415164,0.5,0,40,50,100,0.0007162378850072,0.0005040261196391,50,0.5
91,10,590,0,0.0010744776809588,0.5,0,40,50,100,0.0007162378850072,0.0005040261196391,50,0.5
91,10,591,0,0.0766356885433197,0.5,0,40,50,100,0.0007162378850072,0.0005040261196391,50,0.5
91,10,592,0,0.0007296542171388,0.5,0,40,50,100,0.0007162378850072,0.0005040261196391,50,0.5
91,10,593,0,0.0140471942722797,0.5,0,40,50,100,0.0007162378850072,0.0005040261196391,50,0.5
91,10,594,0,0.0007296538096852,0.5,0,40,50,100,0.0007162378850072,0.0005040261196391,50,0.5
91,10,595,0,0.00081767141819,0.5,0,40,50,100,0.0007162378850072,0.0005040261196391,50,0.5
91,10,596,0,0.0007296096882782,0.5,0,40,50,100,0.0007162378850072,0.0005040261196391,50,0.5
91,10,597,0,0.2104500979185104,0.5,0,40,50,100,0.0007162378850072,0.0005040261196391,50,0.5
91,10,598,0,0.0090101072564721,0.5,0,40,50,100,0.0007162378850072,0.0005040261196391,50,0.5
91,10,599,0,0.0063076959922909,0.5,0,40,50,100,0.0007162378850072,0.0005040261196391,50,0.5
91,10,600,0,0.0108523946255445,0.5,0,40,50,100,0.0007162378850072,0.0005040261196391,50,0.5
91,10,601,0,0.000749695696868,0.5,0,40,50,100,0.0007162378850072,0.0005040261196391,50,0.5
91,10,602,0,0.0104067726060748,0.5,0,40,50,100,0.0007162378850072,0.0005040261196391,50,0.5
91,10,603,0,0.009423229843378,0.5,0,40,50,100,0.0007162378850072,0.0005040261196391,50,0.5
91,10,604,0,0.0108523946255445,0.5,0,40,50,100,0.0007162378850072,0.0005040261196391,50,0.5
91,10,605,0,0.0010746087646111,0.5,0,40,50,100,0.0007162378850072,0.0005040261196391,50,0.5
91,10,606,0,0.0008176710107363,0.5,0,40,50,100,0.0007162378850072,0.0005040261196391,50,0.5
