mean_fit_time,std_fit_time,mean_score_time,std_score_time,param_algorithm,param_n_jobs,param_n_neighbors,param_weights,params,split0_test_score,split1_test_score,split2_test_score,split3_test_score,split4_test_score,split5_test_score,split6_test_score,split7_test_score,split8_test_score,split9_test_score,mean_test_score,std_test_score,rank_test_score
0.08506200313568116,0.040082877652320464,0.03094298839569092,0.022338259335533458,auto,-1,3,uniform,"{'algorithm': 'auto', 'n_jobs': -1, 'n_neighbors': 3, 'weights': 'uniform'}",,,,,,,,,,,,,43
0.13723561763763428,0.04931325122878556,0.3692401647567749,0.04275575749843029,auto,-1,3,distance,"{'algorithm': 'auto', 'n_jobs': -1, 'n_neighbors': 3, 'weights': 'distance'}",0.9425287356321839,0.9657794676806084,0.9649805447470817,0.9883268482490272,0.9541984732824427,0.9694656488549619,0.9621212121212122,0.9584905660377357,0.9694656488549619,0.9513108614232211,0.9626668006883439,0.011789313014634947,1
0.1713226318359375,0.04265556041207945,0.006352543830871582,0.0007308000767958503,auto,-1,5,uniform,"{'algorithm': 'auto', 'n_jobs': -1, 'n_neighbors': 5, 'weights': 'uniform'}",,,,,,,,,,,,,43
0.1779874801635742,0.0455952232665859,0.40860943794250487,0.012383613890184013,auto,-1,5,distance,"{'algorithm': 'auto', 'n_jobs': -1, 'n_neighbors': 5, 'weights': 'distance'}",0.9111111111111111,0.9372693726937269,0.9501915708812261,0.9657794676806084,0.9398496240601504,0.9398496240601504,0.9338235294117647,0.9505703422053232,0.9372693726937269,0.9442379182156134,0.9409951933013401,0.013326333426611145,7
0.17242164611816407,0.025247369488381962,0.0019804716110229494,0.00023960320024560101,auto,-1,7,uniform,"{'algorithm': 'auto', 'n_jobs': -1, 'n_neighbors': 7, 'weights': 'uniform'}",,,,,,,,,,,,,43
0.11851201057434083,0.03974863426015629,0.4318593978881836,0.006177377553575762,auto,-1,7,distance,"{'algorithm': 'auto', 'n_jobs': -1, 'n_neighbors': 7, 'weights': 'distance'}",0.9044117647058824,0.927007299270073,0.9465648854961832,0.9548872180451127,0.9363295880149813,0.9259259259259259,0.9304029304029303,0.9363295880149813,0.9338235294117647,0.9407407407407408,0.9336423470028576,0.01285179703361479,13
0.03003056049346924,0.0027162375669757956,0.0021789073944091797,0.001375868364752249,auto,-1,9,uniform,"{'algorithm': 'auto', 'n_jobs': -1, 'n_neighbors': 9, 'weights': 'uniform'}",,,,,,,,,,,,,43
0.022097468376159668,0.0035195451383604167,0.3811280965805054,0.11676713105782441,auto,-1,9,distance,"{'algorithm': 'auto', 'n_jobs': -1, 'n_neighbors': 9, 'weights': 'distance'}",0.9010989010989011,0.9236363636363636,0.9323308270676692,0.9473684210526315,0.9333333333333333,0.9025270758122743,0.927007299270073,0.9259259259259259,0.927007299270073,0.927007299270073,0.9247242745737319,0.013091489332693336,17
0.014803218841552734,0.0017993961201617696,0.0015121221542358399,0.0009091405259873271,auto,-1,11,uniform,"{'algorithm': 'auto', 'n_jobs': -1, 'n_neighbors': 11, 'weights': 'uniform'}",,,,,,,,,,,,,43
0.021884727478027343,0.0034896266647091528,0.06818976402282714,0.08971432978702058,auto,-1,11,distance,"{'algorithm': 'auto', 'n_jobs': -1, 'n_neighbors': 11, 'weights': 'distance'}",0.8945454545454545,0.9136690647482013,0.9253731343283583,0.9333333333333333,0.926470588235294,0.8992805755395684,0.9202898550724637,0.901818181818182,0.9202898550724637,0.9236363636363636,0.9158706406329683,0.012406770872504674,25
0.024475646018981934,0.005187704811838958,0.0036801576614379885,0.0022316216454556993,auto,-1,15,uniform,"{'algorithm': 'auto', 'n_jobs': -1, 'n_neighbors': 15, 'weights': 'uniform'}",,,,,,,,,,,,,43
0.023051691055297852,0.003940657137940248,0.04028584957122803,0.005036542428857043,auto,-1,15,distance,"{'algorithm': 'auto', 'n_jobs': -1, 'n_neighbors': 15, 'weights': 'distance'}",0.8808664259927798,0.900709219858156,0.9111111111111111,0.929889298892989,0.8888888888888888,0.8741258741258742,0.8873239436619719,0.8888888888888888,0.8936170212765956,0.9071428571428571,0.8962563529840113,0.015530949409357547,31
0.027946734428405763,0.004518595999309303,0.0023264169692993166,0.0015936881186055481,auto,-1,21,uniform,"{'algorithm': 'auto', 'n_jobs': -1, 'n_neighbors': 21, 'weights': 'uniform'}",,,,,,,,,,,,,43
0.030795955657958986,0.0045849469894702075,0.04775738716125488,0.003979932681269592,auto,-1,21,distance,"{'algorithm': 'auto', 'n_jobs': -1, 'n_neighbors': 21, 'weights': 'distance'}",0.8613138686131387,0.8881118881118881,0.9037037037037037,0.9130434782608696,0.8865248226950354,0.8561643835616439,0.8741258741258742,0.8732394366197184,0.8811188811188813,0.8881118881118881,0.8825458224922642,0.016618887616429483,36
0.3805245876312256,0.16520395069895022,0.2967681407928467,0.20170372332219247,ball_tree,-1,3,uniform,"{'algorithm': 'ball_tree', 'n_jobs': -1, 'n_neighbors': 3, 'weights': 'uniform'}",0.9389312977099236,0.9657794676806084,0.9689922480620156,0.9806949806949807,0.9505703422053232,0.9657794676806084,0.9548872180451127,0.9545454545454546,0.9621212121212122,0.9513108614232211,0.9593612550168462,0.011138084354133557,5
0.3286947965621948,0.12746196990810993,0.3653278350830078,0.1827296316392337,ball_tree,-1,3,distance,"{'algorithm': 'ball_tree', 'n_jobs': -1, 'n_neighbors': 3, 'weights': 'distance'}",0.9425287356321839,0.9657794676806084,0.9649805447470817,0.9883268482490272,0.9541984732824427,0.9694656488549619,0.9621212121212122,0.9584905660377357,0.9694656488549619,0.9513108614232211,0.9626668006883439,0.011789313014634947,1
0.38684542179107667,0.12199824290571988,0.5019413232803345,0.2353942714054085,ball_tree,-1,5,uniform,"{'algorithm': 'ball_tree', 'n_jobs': -1, 'n_neighbors': 5, 'weights': 'uniform'}",0.9077490774907748,0.927007299270073,0.9501915708812261,0.9513108614232211,0.9363295880149813,0.9398496240601504,0.9304029304029303,0.9433962264150944,0.9304029304029303,0.9442379182156134,0.9360878026576994,0.012308043829523416,11
0.3560161590576172,0.06369857790020621,0.5546681880950928,0.1973840573336021,ball_tree,-1,5,distance,"{'algorithm': 'ball_tree', 'n_jobs': -1, 'n_neighbors': 5, 'weights': 'distance'}",0.9111111111111111,0.9372693726937269,0.9501915708812261,0.9657794676806084,0.9398496240601504,0.9398496240601504,0.9338235294117647,0.9505703422053232,0.9372693726937269,0.9442379182156134,0.9409951933013401,0.013326333426611145,7
0.3715208053588867,0.08702228702651665,0.49431116580963136,0.1942285979725619,ball_tree,-1,7,uniform,"{'algorithm': 'ball_tree', 'n_jobs': -1, 'n_neighbors': 7, 'weights': 'uniform'}",0.8913043478260869,0.9136690647482013,0.9433962264150944,0.9338235294117647,0.929889298892989,0.9124087591240877,0.9236363636363636,0.9259259259259259,0.927007299270073,0.9338235294117647,0.9234884344662351,0.013871769671262189,21
0.3449375867843628,0.045218325085226704,0.5255731582641602,0.1674924536535417,ball_tree,-1,7,distance,"{'algorithm': 'ball_tree', 'n_jobs': -1, 'n_neighbors': 7, 'weights': 'distance'}",0.9044117647058824,0.927007299270073,0.9465648854961832,0.9548872180451127,0.9363295880149813,0.9259259259259259,0.9304029304029303,0.9363295880149813,0.9338235294117647,0.9407407407407408,0.9336423470028576,0.01285179703361479,13
0.3470630407333374,0.037370187584575075,0.5877257823944092,0.17023958949463808,ball_tree,-1,9,uniform,"{'algorithm': 'ball_tree', 'n_jobs': -1, 'n_neighbors': 9, 'weights': 'uniform'}",0.8705035971223021,0.8975265017667845,0.9253731343283583,0.926470588235294,0.9124087591240877,0.8992805755395684,0.9039145907473309,0.9124087591240877,0.9071428571428571,0.9202898550724637,0.9075319218203134,0.015619988238231531,27
0.3851797580718994,0.05283604360091318,0.5185802936553955,0.12114138664637614,ball_tree,-1,9,distance,"{'algorithm': 'ball_tree', 'n_jobs': -1, 'n_neighbors': 9, 'weights': 'distance'}",0.9010989010989011,0.9236363636363636,0.9323308270676692,0.9473684210526315,0.9333333333333333,0.9025270758122743,0.927007299270073,0.9259259259259259,0.927007299270073,0.927007299270073,0.9247242745737319,0.013091489332693336,17
0.4371201753616333,0.10838794910999154,0.45714893341064455,0.20958469578739422,ball_tree,-1,11,uniform,"{'algorithm': 'ball_tree', 'n_jobs': -1, 'n_neighbors': 11, 'weights': 'uniform'}",0.8642857142857142,0.8881118881118881,0.915129151291513,0.9230769230769231,0.8920863309352518,0.8865248226950354,0.8975265017667845,0.8888888888888888,0.8975265017667845,0.9136690647482013,0.8966825787566985,0.0162325698473487,30
0.42172946929931643,0.09013823770477103,0.4029531478881836,0.1614904588536766,ball_tree,-1,11,distance,"{'algorithm': 'ball_tree', 'n_jobs': -1, 'n_neighbors': 11, 'weights': 'distance'}",0.8945454545454545,0.9136690647482013,0.9253731343283583,0.9333333333333333,0.926470588235294,0.8992805755395684,0.9202898550724637,0.901818181818182,0.9202898550724637,0.927007299270073,0.9162077341963393,0.012656468804360789,24
0.4424312591552734,0.1096914054657681,0.40952584743499754,0.16793598579097213,ball_tree,-1,15,uniform,"{'algorithm': 'ball_tree', 'n_jobs': -1, 'n_neighbors': 15, 'weights': 'uniform'}",0.8510638297872342,0.8811188811188813,0.901818181818182,0.9097472924187726,0.8794326241134752,0.8532423208191127,0.865051903114187,0.8723404255319149,0.8719723183391005,0.8912280701754386,0.8777015847236298,0.01826358235015807,39
0.3924699306488037,0.14937761121696044,0.47963681221008303,0.1932185913600341,ball_tree,-1,15,distance,"{'algorithm': 'ball_tree', 'n_jobs': -1, 'n_neighbors': 15, 'weights': 'distance'}",0.8808664259927798,0.900709219858156,0.9111111111111111,0.929889298892989,0.8888888888888888,0.8741258741258742,0.8873239436619719,0.8888888888888888,0.8936170212765956,0.9071428571428571,0.8962563529840113,0.015530949409357547,31
0.42327303886413575,0.13038479264242556,0.40466876029968263,0.1769187131107982,ball_tree,-1,21,uniform,"{'algorithm': 'ball_tree', 'n_jobs': -1, 'n_neighbors': 21, 'weights': 'uniform'}",0.8214285714285714,0.8600682593856656,0.8985507246376812,0.8833922261484098,0.8671328671328672,0.8278145695364237,0.8503401360544218,0.8501742160278746,0.8456375838926173,0.8571428571428572,0.856168201138739,0.02205758042497891,41
0.5520262002944947,0.13618834660703047,0.2787788867950439,0.1314273254096684,ball_tree,-1,21,distance,"{'algorithm': 'ball_tree', 'n_jobs': -1, 'n_neighbors': 21, 'weights': 'distance'}",0.8654545454545455,0.8881118881118881,0.9037037037037037,0.9130434782608696,0.8865248226950354,0.8561643835616439,0.8741258741258742,0.8732394366197184,0.8811188811188813,0.8881118881118881,0.8829598901764049,0.016129090553590977,35
0.702105712890625,0.13011613113297227,0.6050702095031738,0.10518175809249208,kd_tree,-1,3,uniform,"{'algorithm': 'kd_tree', 'n_jobs': -1, 'n_neighbors': 3, 'weights': 'uniform'}",0.9389312977099236,0.9657794676806084,0.9689922480620156,0.9806949806949807,0.9505703422053232,0.9657794676806084,0.9548872180451127,0.9545454545454546,0.9621212121212122,0.9513108614232211,0.9593612550168462,0.011138084354133557,5
0.6688021421432495,0.12024477485623661,0.5317382097244263,0.08502278840018998,kd_tree,-1,3,distance,"{'algorithm': 'kd_tree', 'n_jobs': -1, 'n_neighbors': 3, 'weights': 'distance'}",0.9425287356321839,0.9657794676806084,0.9649805447470817,0.9883268482490272,0.9541984732824427,0.9694656488549619,0.9621212121212122,0.9584905660377357,0.9694656488549619,0.9513108614232211,0.9626668006883439,0.011789313014634947,1
0.835312032699585,0.192257762242082,0.23678877353668212,0.0730367618410743,kd_tree,-1,5,uniform,"{'algorithm': 'kd_tree', 'n_jobs': -1, 'n_neighbors': 5, 'weights': 'uniform'}",0.9077490774907748,0.927007299270073,0.9501915708812261,0.9513108614232211,0.9363295880149813,0.9398496240601504,0.9304029304029303,0.9433962264150944,0.9304029304029303,0.9442379182156134,0.9360878026576994,0.012308043829523416,11
0.7515239715576172,0.1415820342560803,0.29022185802459716,0.10103111198532191,kd_tree,-1,5,distance,"{'algorithm': 'kd_tree', 'n_jobs': -1, 'n_neighbors': 5, 'weights': 'distance'}",0.9111111111111111,0.9372693726937269,0.9501915708812261,0.9657794676806084,0.9398496240601504,0.9398496240601504,0.9338235294117647,0.9505703422053232,0.9372693726937269,0.9442379182156134,0.9409951933013401,0.013326333426611145,7
0.6896449804306031,0.104261480664522,0.31843903064727785,0.07579354096942548,kd_tree,-1,7,uniform,"{'algorithm': 'kd_tree', 'n_jobs': -1, 'n_neighbors': 7, 'weights': 'uniform'}",0.8913043478260869,0.9136690647482013,0.9433962264150944,0.9338235294117647,0.929889298892989,0.9124087591240877,0.9236363636363636,0.9259259259259259,0.927007299270073,0.9338235294117647,0.9234884344662351,0.013871769671262189,21
0.7000926733016968,0.08149469687601973,0.39337978363037107,0.11236414851683725,kd_tree,-1,7,distance,"{'algorithm': 'kd_tree', 'n_jobs': -1, 'n_neighbors': 7, 'weights': 'distance'}",0.9044117647058824,0.927007299270073,0.9465648854961832,0.9548872180451127,0.9363295880149813,0.9259259259259259,0.9304029304029303,0.9363295880149813,0.9338235294117647,0.9407407407407408,0.9336423470028576,0.01285179703361479,13
0.7167266607284546,0.049196993162593385,0.4804677963256836,0.1797757089262135,kd_tree,-1,9,uniform,"{'algorithm': 'kd_tree', 'n_jobs': -1, 'n_neighbors': 9, 'weights': 'uniform'}",0.8705035971223021,0.8975265017667845,0.9253731343283583,0.926470588235294,0.9124087591240877,0.8992805755395684,0.9039145907473309,0.9124087591240877,0.9071428571428571,0.9202898550724637,0.9075319218203134,0.015619988238231531,27
0.6262186288833618,0.10057759530381458,0.5414812803268433,0.18622202697729898,kd_tree,-1,9,distance,"{'algorithm': 'kd_tree', 'n_jobs': -1, 'n_neighbors': 9, 'weights': 'distance'}",0.9010989010989011,0.9236363636363636,0.9323308270676692,0.9473684210526315,0.9333333333333333,0.9025270758122743,0.927007299270073,0.9259259259259259,0.927007299270073,0.927007299270073,0.9247242745737319,0.013091489332693336,17
0.7362746953964233,0.08268675969626799,0.6111952066421509,0.06675483514678747,kd_tree,-1,11,uniform,"{'algorithm': 'kd_tree', 'n_jobs': -1, 'n_neighbors': 11, 'weights': 'uniform'}",0.8642857142857142,0.8881118881118881,0.915129151291513,0.9230769230769231,0.8920863309352518,0.8865248226950354,0.8975265017667845,0.8928571428571429,0.8975265017667845,0.9136690647482013,0.8970794041535239,0.016085026865382893,29
0.6695313930511475,0.06596991701064679,0.41155385971069336,0.14411801530566457,kd_tree,-1,11,distance,"{'algorithm': 'kd_tree', 'n_jobs': -1, 'n_neighbors': 11, 'weights': 'distance'}",0.8945454545454545,0.9136690647482013,0.9253731343283583,0.9333333333333333,0.926470588235294,0.8992805755395684,0.9202898550724637,0.9057971014492754,0.9202898550724637,0.927007299270073,0.9166056261594486,0.012253982627558335,23
0.69471595287323,0.17511845235232018,0.5050976037979126,0.23010593111879687,kd_tree,-1,15,uniform,"{'algorithm': 'kd_tree', 'n_jobs': -1, 'n_neighbors': 15, 'weights': 'uniform'}",0.8510638297872342,0.8811188811188813,0.901818181818182,0.9097472924187726,0.8794326241134752,0.8532423208191127,0.865051903114187,0.8723404255319149,0.8719723183391005,0.8912280701754386,0.8777015847236298,0.01826358235015807,39
0.7256099462509156,0.16297548345697546,0.3168529748916626,0.23295852612423673,kd_tree,-1,15,distance,"{'algorithm': 'kd_tree', 'n_jobs': -1, 'n_neighbors': 15, 'weights': 'distance'}",0.8808664259927798,0.900709219858156,0.9111111111111111,0.929889298892989,0.8888888888888888,0.8741258741258742,0.8873239436619719,0.8888888888888888,0.8936170212765956,0.9071428571428571,0.8962563529840113,0.015530949409357547,31
0.7453703880310059,0.11793641746875336,0.36353824138641355,0.19519673053841924,kd_tree,-1,21,uniform,"{'algorithm': 'kd_tree', 'n_jobs': -1, 'n_neighbors': 21, 'weights': 'uniform'}",0.8214285714285714,0.8600682593856656,0.8985507246376812,0.8833922261484098,0.8671328671328672,0.8278145695364237,0.8503401360544218,0.8501742160278746,0.8456375838926173,0.8571428571428572,0.856168201138739,0.02205758042497891,41
0.7693387985229492,0.1370607713200315,0.46771085262298584,0.2046041151375333,kd_tree,-1,21,distance,"{'algorithm': 'kd_tree', 'n_jobs': -1, 'n_neighbors': 21, 'weights': 'distance'}",0.8613138686131387,0.8881118881118881,0.9037037037037037,0.9130434782608696,0.8865248226950354,0.8561643835616439,0.8741258741258742,0.8701754385964912,0.8811188811188813,0.8881118881118881,0.8822394226899414,0.016814734691355016,38
0.03423318862915039,0.011879487818207057,0.02270052433013916,0.01937404533851109,brute,-1,3,uniform,"{'algorithm': 'brute', 'n_jobs': -1, 'n_neighbors': 3, 'weights': 'uniform'}",,,,,,,,,,,,,43
0.043470144271850586,0.02305093977041887,0.09180092811584473,0.04861834293991353,brute,-1,3,distance,"{'algorithm': 'brute', 'n_jobs': -1, 'n_neighbors': 3, 'weights': 'distance'}",0.9425287356321839,0.9657794676806084,0.9649805447470817,0.9883268482490272,0.9541984732824427,0.9694656488549619,0.9621212121212122,0.9584905660377357,0.9694656488549619,0.9513108614232211,0.9626668006883439,0.011789313014634947,1
0.05783786773681641,0.04085870394401376,0.05460669994354248,0.03601682882310061,brute,-1,5,uniform,"{'algorithm': 'brute', 'n_jobs': -1, 'n_neighbors': 5, 'weights': 'uniform'}",,,,,,,,,,,,,43
0.05363285541534424,0.029927761234746258,0.07880253791809082,0.028965611131297017,brute,-1,5,distance,"{'algorithm': 'brute', 'n_jobs': -1, 'n_neighbors': 5, 'weights': 'distance'}",0.9111111111111111,0.9372693726937269,0.9501915708812261,0.9657794676806084,0.9398496240601504,0.9398496240601504,0.9338235294117647,0.9505703422053232,0.9372693726937269,0.9442379182156134,0.9409951933013401,0.013326333426611145,7
0.04615323543548584,0.019767631671047014,0.009965467453002929,0.009342419921849641,brute,-1,7,uniform,"{'algorithm': 'brute', 'n_jobs': -1, 'n_neighbors': 7, 'weights': 'uniform'}",,,,,,,,,,,,,43
0.047289490699768066,0.014369276457338662,0.07751848697662353,0.017226403023892962,brute,-1,7,distance,"{'algorithm': 'brute', 'n_jobs': -1, 'n_neighbors': 7, 'weights': 'distance'}",0.9044117647058824,0.927007299270073,0.9465648854961832,0.9548872180451127,0.9363295880149813,0.9259259259259259,0.9304029304029303,0.9363295880149813,0.9338235294117647,0.9407407407407408,0.9336423470028576,0.01285179703361479,13
0.049066710472106936,0.021955752317337124,0.026256823539733888,0.023363064088794374,brute,-1,9,uniform,"{'algorithm': 'brute', 'n_jobs': -1, 'n_neighbors': 9, 'weights': 'uniform'}",,,,,,,,,,,,,43
0.03769690990447998,0.009235109224799367,0.08388912677764893,0.009114445506545991,brute,-1,9,distance,"{'algorithm': 'brute', 'n_jobs': -1, 'n_neighbors': 9, 'weights': 'distance'}",0.9010989010989011,0.9236363636363636,0.9323308270676692,0.9473684210526315,0.9333333333333333,0.9025270758122743,0.927007299270073,0.9259259259259259,0.927007299270073,0.927007299270073,0.9247242745737319,0.013091489332693336,17
0.04934439659118652,0.015670261042680874,0.018772101402282713,0.016503632916150774,brute,-1,11,uniform,"{'algorithm': 'brute', 'n_jobs': -1, 'n_neighbors': 11, 'weights': 'uniform'}",,,,,,,,,,,,,43
0.03645558357238769,0.007159080284599737,0.06476624011993408,0.01900574607911514,brute,-1,11,distance,"{'algorithm': 'brute', 'n_jobs': -1, 'n_neighbors': 11, 'weights': 'distance'}",0.8945454545454545,0.9136690647482013,0.9253731343283583,0.9333333333333333,0.926470588235294,0.8992805755395684,0.9202898550724637,0.901818181818182,0.9202898550724637,0.9236363636363636,0.9158706406329683,0.012406770872504674,25
0.04061119556427002,0.009120179542027205,0.051580262184143064,0.030844677071799186,brute,-1,15,uniform,"{'algorithm': 'brute', 'n_jobs': -1, 'n_neighbors': 15, 'weights': 'uniform'}",,,,,,,,,,,,,43
0.04330897331237793,0.015025528515624007,0.06925625801086426,0.017367259462747826,brute,-1,15,distance,"{'algorithm': 'brute', 'n_jobs': -1, 'n_neighbors': 15, 'weights': 'distance'}",0.8808664259927798,0.900709219858156,0.9111111111111111,0.929889298892989,0.8888888888888888,0.8741258741258742,0.8873239436619719,0.8888888888888888,0.8936170212765956,0.9071428571428571,0.8962563529840113,0.015530949409357547,31
0.05803391933441162,0.02609318953968324,0.05013906955718994,0.03443253216477395,brute,-1,21,uniform,"{'algorithm': 'brute', 'n_jobs': -1, 'n_neighbors': 21, 'weights': 'uniform'}",,,,,,,,,,,,,43
0.036487889289855954,0.007863128421980385,0.06781945228576661,0.019548426165975036,brute,-1,21,distance,"{'algorithm': 'brute', 'n_jobs': -1, 'n_neighbors': 21, 'weights': 'distance'}",0.8613138686131387,0.8881118881118881,0.9037037037037037,0.9130434782608696,0.8865248226950354,0.8561643835616439,0.8741258741258742,0.8732394366197184,0.8811188811188813,0.8881118881118881,0.8825458224922642,0.016618887616429483,36
