ratio,parent_edc_group,decoy_graph_id,times_selected
1,0,87,5
1,0,88,5
1,0,89,5
1,0,90,5
1,0,91,5
1,0,92,5
1,0,93,5
1,0,94,5
1,0,95,5
1,0,96,5
1,1,97,5
1,1,98,5
1,1,99,5
1,1,100,5
1,1,101,5
1,1,102,5
1,1,103,5
1,1,104,5
1,1,105,5
1,1,106,5
1,2,107,5
1,2,108,5
1,2,109,5
1,2,110,5
1,2,111,5
1,2,112,5
1,2,113,5
1,2,114,5
1,2,115,5
1,2,116,5
1,3,117,5
1,3,118,5
1,3,119,5
1,3,120,5
1,3,121,5
1,3,122,5
1,3,123,5
1,3,124,5
1,3,125,5
1,3,126,5
1,4,127,5
1,4,128,5
1,4,129,5
1,4,130,5
1,4,131,5
1,4,132,5
1,4,133,5
1,4,134,5
1,4,135,5
1,4,136,5
1,5,137,5
1,5,138,5
1,5,139,5
1,5,140,5
1,5,141,5
1,5,142,5
1,5,143,5
1,5,144,5
1,5,145,5
1,5,146,5
1,6,147,5
1,6,148,5
1,6,149,5
1,6,150,5
1,6,151,5
1,6,152,5
1,6,153,5
1,6,154,5
1,6,155,5
1,6,156,5
1,7,157,5
1,7,158,5
1,7,159,5
1,7,160,5
1,7,161,5
1,7,162,5
1,7,163,5
1,7,164,5
1,7,165,5
1,7,166,5
1,8,167,5
1,8,168,5
1,8,169,5
1,8,170,5
1,8,171,5
1,8,172,5
1,8,173,5
1,8,174,5
1,8,175,5
1,8,176,5
1,9,177,5
1,9,178,5
1,9,179,5
1,9,180,5
1,9,181,5
1,9,182,5
1,9,183,5
1,9,184,5
1,9,185,5
1,9,186,5
1,10,187,5
1,10,188,5
1,10,189,5
1,10,190,5
1,10,191,5
1,10,192,5
1,10,193,5
1,10,194,5
1,10,195,5
1,10,196,5
1,11,197,5
1,11,198,5
1,11,199,5
1,11,200,5
1,11,201,5
1,11,202,5
1,11,203,5
1,11,204,5
1,11,205,5
1,11,206,5
1,12,207,5
1,12,208,5
1,12,209,5
1,12,210,5
1,12,211,5
1,12,212,5
1,12,213,5
1,12,214,5
1,12,215,5
1,12,216,5
1,13,217,5
1,13,218,5
1,13,219,5
1,13,220,5
1,13,221,5
1,13,222,5
1,13,223,5
1,13,224,5
1,13,225,5
1,13,226,5
1,14,227,5
1,14,228,5
1,14,229,5
1,14,230,5
1,14,231,5
1,14,232,5
1,14,233,5
1,14,234,5
1,14,235,5
1,14,236,5
1,15,237,5
1,15,238,5
1,15,239,5
1,15,240,5
1,15,241,5
1,15,242,5
1,15,243,5
1,15,244,5
1,15,245,5
1,15,246,5
1,16,247,5
1,16,248,5
1,16,249,5
1,16,250,5
1,16,251,5
1,16,252,5
1,16,253,5
1,16,254,5
1,16,255,5
1,16,256,5
1,17,257,5
1,17,258,5
1,17,259,5
1,17,260,5
1,17,261,5
1,17,262,5
1,17,263,5
1,17,264,5
1,17,265,5
1,17,266,5
1,18,267,5
1,18,268,5
1,18,269,5
1,18,270,5
1,18,271,5
1,18,272,5
1,18,273,5
1,18,274,5
1,18,275,5
1,18,276,5
1,19,277,5
1,19,278,5
1,19,279,5
1,19,280,5
1,19,281,5
1,19,282,5
1,19,283,5
1,19,284,5
1,19,285,5
1,19,286,5
1,20,287,5
1,20,288,5
1,20,289,5
1,20,290,5
1,20,291,5
1,20,292,5
1,20,293,5
1,20,294,5
1,20,295,5
1,20,296,5
1,21,297,5
1,21,298,5
1,21,299,5
1,21,300,5
1,21,301,5
1,21,302,5
1,21,303,5
1,21,304,5
1,21,305,5
1,21,306,5
1,22,307,5
1,22,308,5
1,22,309,5
1,22,310,5
1,22,311,5
1,22,312,5
1,22,313,5
1,22,314,5
1,22,315,5
1,22,316,5
1,23,317,5
1,23,318,5
1,23,319,5
1,23,320,5
1,23,321,5
1,23,322,5
1,23,323,5
1,23,324,5
1,23,325,5
1,23,326,5
1,24,327,5
1,24,328,5
1,24,329,5
1,24,330,5
1,24,331,5
1,24,332,5
1,24,333,5
1,24,334,5
1,24,335,5
1,24,336,5
1,25,337,5
1,25,338,5
1,25,339,5
1,25,340,5
1,25,341,5
1,25,342,5
1,25,343,5
1,25,344,5
1,25,345,5
1,25,346,5
1,26,347,5
1,26,348,5
1,26,349,5
1,26,350,5
1,26,351,5
1,26,352,5
1,26,353,5
1,26,354,5
1,26,355,5
1,26,356,5
1,27,357,5
1,27,358,5
1,27,359,5
1,27,360,5
1,27,361,5
1,27,362,5
1,27,363,5
1,27,364,5
1,27,365,5
1,27,366,5
1,28,367,5
1,28,368,5
1,28,369,5
1,28,370,5
1,28,371,5
1,28,372,5
1,28,373,5
1,28,374,5
1,28,375,5
1,28,376,5
1,29,377,5
1,29,378,5
1,29,379,5
1,29,380,5
1,29,381,5
1,29,382,5
1,29,383,5
1,29,384,5
1,29,385,5
1,29,386,5
1,30,387,5
1,30,388,5
1,30,389,5
1,30,390,5
1,30,391,5
1,30,392,5
1,30,393,5
1,30,394,5
1,30,395,5
1,30,396,5
1,31,397,5
1,31,398,5
1,31,399,5
1,31,400,5
1,31,401,5
1,31,402,5
1,31,403,5
1,31,404,5
1,31,405,5
1,31,406,5
1,32,407,5
1,32,408,5
1,32,409,5
1,32,410,5
1,32,411,5
1,32,412,5
1,32,413,5
1,32,414,5
1,32,415,5
1,32,416,5
1,33,417,5
1,33,418,5
1,33,419,5
1,33,420,5
1,33,421,5
1,33,422,5
1,33,423,5
1,33,424,5
1,33,425,5
1,33,426,5
1,34,427,5
1,34,428,5
1,34,429,5
1,34,430,5
1,34,431,5
1,34,432,5
1,34,433,5
1,34,434,5
1,34,435,5
1,34,436,5
1,35,437,5
1,35,438,5
1,35,439,5
1,35,440,5
1,35,441,5
1,35,442,5
1,35,443,5
1,35,444,5
1,35,445,5
1,35,446,5
1,36,447,5
1,36,448,5
1,36,449,5
1,36,450,5
1,36,451,5
1,36,452,5
1,36,453,5
1,36,454,5
1,36,455,5
1,36,456,5
1,37,457,5
1,37,458,5
1,37,459,5
1,37,460,5
1,37,461,5
1,37,462,5
1,37,463,5
1,37,464,5
1,37,465,5
1,37,466,5
1,38,467,5
1,38,468,5
1,38,469,5
1,38,470,5
1,38,471,5
1,38,472,5
1,38,473,5
1,38,474,5
1,38,475,5
1,38,476,5
1,39,477,5
1,39,478,5
1,39,479,5
1,39,480,5
1,39,481,5
1,39,482,5
1,39,483,5
1,39,484,5
1,39,485,5
1,39,486,5
1,40,487,5
1,40,488,5
1,40,489,5
1,40,490,5
1,40,491,5
1,40,492,5
1,40,493,5
1,40,494,5
1,40,495,5
1,40,496,5
1,41,497,5
1,41,498,5
1,41,499,5
1,41,500,5
1,41,501,5
1,41,502,5
1,41,503,5
1,41,504,5
1,41,505,5
1,41,506,5
1,42,507,5
1,42,508,5
1,42,509,5
1,42,510,5
1,42,511,5
1,42,512,5
1,42,513,5
1,42,514,5
1,42,515,5
1,42,516,5
1,43,517,5
1,43,518,5
1,43,519,5
1,43,520,5
1,43,521,5
1,43,522,5
1,43,523,5
1,43,524,5
1,43,525,5
1,43,526,5
1,44,527,5
1,44,528,5
1,44,529,5
1,44,530,5
1,44,531,5
1,44,532,5
1,44,533,5
1,44,534,5
1,44,535,5
1,44,536,5
1,45,537,5
1,45,538,5
1,45,539,5
1,45,540,5
1,45,541,5
1,45,542,5
1,45,543,5
1,45,544,5
1,45,545,5
1,45,546,5
1,46,547,5
1,46,548,5
1,46,549,5
1,46,550,5
1,46,551,5
1,46,552,5
1,46,553,5
1,46,554,5
1,46,555,5
1,46,556,5
1,47,557,5
1,47,558,5
1,47,559,5
1,47,560,5
1,47,561,5
1,47,562,5
1,47,563,5
1,47,564,5
1,47,565,5
1,47,566,5
1,48,567,5
1,48,568,5
1,48,569,5
1,48,570,5
1,48,571,5
1,48,572,5
1,48,573,5
1,48,574,5
1,48,575,5
1,48,576,5
1,49,577,5
1,49,578,5
1,49,579,5
1,49,580,5
1,49,581,5
1,49,582,5
1,49,583,5
1,49,584,5
1,49,585,5
1,49,586,5
1,50,587,5
1,50,588,5
1,50,589,5
1,50,590,5
1,50,591,5
1,50,592,5
1,50,593,5
1,50,594,5
1,50,595,5
1,50,596,5
1,51,597,5
1,51,598,5
1,51,599,5
1,51,600,5
1,51,601,5
1,51,602,5
1,51,603,5
1,51,604,5
1,51,605,5
1,51,606,5
1,52,607,5
1,52,608,5
1,52,609,5
1,52,610,5
1,52,611,5
1,52,612,5
1,52,613,5
1,52,614,5
1,52,615,5
1,52,616,5
1,53,617,5
1,53,618,5
1,53,619,5
1,53,620,5
1,53,621,5
1,53,622,5
1,53,623,5
1,53,624,5
1,53,625,5
1,53,626,5
1,54,627,5
1,54,628,5
1,54,629,5
1,54,630,5
1,54,631,5
1,54,632,5
1,54,633,5
1,54,634,5
1,54,635,5
1,54,636,5
1,55,637,5
1,55,638,5
1,55,639,5
1,55,640,5
1,55,641,5
1,55,642,5
1,55,643,5
1,55,644,5
1,55,645,5
1,55,646,5
1,56,647,5
1,56,648,5
1,56,649,5
1,56,650,5
1,56,651,5
1,56,652,5
1,56,653,5
1,56,654,5
1,56,655,5
1,56,656,5
1,57,657,5
1,57,658,5
1,57,659,5
1,57,660,5
1,57,661,5
1,57,662,5
1,57,663,5
1,57,664,5
1,57,665,5
1,57,666,5
1,58,667,5
1,58,668,5
1,58,669,5
1,58,670,5
1,58,671,5
1,58,672,5
1,58,673,5
1,58,674,5
1,58,675,5
1,58,676,5
1,59,677,5
1,59,678,5
1,59,679,5
1,59,680,5
1,59,681,5
1,59,682,5
1,59,683,5
1,59,684,5
1,59,685,5
1,59,686,5
1,60,687,5
1,60,688,5
1,60,689,5
1,60,690,5
1,60,691,5
1,60,692,5
1,60,693,5
1,60,694,5
1,60,695,5
1,60,696,5
1,61,697,5
1,61,698,5
1,61,699,5
1,61,700,5
1,61,701,5
1,61,702,5
1,61,703,5
1,61,704,5
1,61,705,5
1,61,706,5
1,62,707,5
1,62,708,5
1,62,709,5
1,62,710,5
1,62,711,5
1,62,712,5
1,62,713,5
1,62,714,5
1,62,715,5
1,62,716,5
1,63,717,5
1,63,718,5
1,63,719,5
1,63,720,5
1,63,721,5
1,63,722,5
1,63,723,5
1,63,724,5
1,63,725,5
1,63,726,5
1,64,727,5
1,64,728,5
1,64,729,5
1,64,730,5
1,64,731,5
1,64,732,5
1,64,733,5
1,64,734,5
1,64,735,5
1,64,736,5
1,65,737,5
1,65,738,5
1,65,739,5
1,65,740,5
1,65,741,5
1,65,742,5
1,65,743,5
1,65,744,5
1,65,745,5
1,65,746,5
1,66,747,5
1,66,748,5
1,66,749,5
1,66,750,5
1,66,751,5
1,66,752,5
1,66,753,5
1,66,754,5
1,66,755,5
1,66,756,5
1,67,757,5
1,67,758,5
1,67,759,5
1,67,760,5
1,67,761,5
1,67,762,5
1,67,763,5
1,67,764,5
1,67,765,5
1,67,766,5
1,68,767,5
1,68,768,5
1,68,769,5
1,68,770,5
1,68,771,5
1,68,772,5
1,68,773,5
1,68,774,5
1,68,775,5
1,68,776,5
1,69,777,5
1,69,778,5
1,69,779,5
1,69,780,5
1,69,781,5
1,69,782,5
1,69,783,5
1,69,784,5
1,69,785,5
1,69,786,5
1,70,787,5
1,70,788,5
1,70,789,5
1,70,790,5
1,70,791,5
1,70,792,5
1,70,793,5
1,70,794,5
1,70,795,5
1,70,796,5
1,71,797,5
1,71,798,5
1,71,799,5
1,71,800,5
1,71,801,5
1,71,802,5
1,71,803,5
1,71,804,5
1,71,805,5
1,71,806,5
1,72,807,5
1,72,808,5
1,72,809,5
1,72,810,5
1,72,811,5
1,72,812,5
1,72,813,5
1,72,814,5
1,72,815,5
1,72,816,5
1,73,817,5
1,73,818,5
1,73,819,5
1,73,820,5
1,73,821,5
1,73,822,5
1,73,823,5
1,73,824,5
1,73,825,5
1,73,826,5
1,74,827,5
1,74,828,5
1,74,829,5
1,74,830,5
1,74,831,5
1,74,832,5
1,74,833,5
1,74,834,5
1,74,835,5
1,74,836,5
1,75,837,5
1,75,838,5
1,75,839,5
1,75,840,5
1,75,841,5
1,75,842,5
1,75,843,5
1,75,844,5
1,75,845,5
1,75,846,5
1,76,847,5
1,76,848,5
1,76,849,5
1,76,850,5
1,76,851,5
1,76,852,5
1,76,853,5
1,76,854,5
1,76,855,5
1,76,856,5
1,77,857,5
1,77,858,5
1,77,859,5
1,77,860,5
1,77,861,5
1,77,862,5
1,77,863,5
1,77,864,5
1,77,865,5
1,77,866,5
1,78,867,5
1,78,868,5
1,78,869,5
1,78,870,5
1,78,871,5
1,78,872,5
1,78,873,5
1,78,874,5
1,78,875,5
1,78,876,5
1,79,877,5
1,79,878,5
1,79,879,5
1,79,880,5
1,79,881,5
1,79,882,5
1,79,883,5
1,79,884,5
1,79,885,5
1,79,886,5
1,80,887,5
1,80,888,5
1,80,889,5
1,80,890,5
1,80,891,5
1,80,892,5
1,80,893,5
1,80,894,5
1,80,895,5
1,80,896,5
2,0,87,10
2,0,88,10
2,0,89,10
2,0,90,10
2,0,91,10
2,0,92,10
2,0,93,10
2,0,94,10
2,0,95,10
2,0,96,10
2,1,97,10
2,1,98,10
2,1,99,10
2,1,100,10
2,1,101,10
2,1,102,10
2,1,103,10
2,1,104,10
2,1,105,10
2,1,106,10
2,2,107,10
2,2,108,10
2,2,109,10
2,2,110,10
2,2,111,10
2,2,112,10
2,2,113,10
2,2,114,10
2,2,115,10
2,2,116,10
2,3,117,10
2,3,118,10
2,3,119,10
2,3,120,10
2,3,121,10
2,3,122,10
2,3,123,10
2,3,124,10
2,3,125,10
2,3,126,10
2,4,127,10
2,4,128,10
2,4,129,10
2,4,130,10
2,4,131,10
2,4,132,10
2,4,133,10
2,4,134,10
2,4,135,10
2,4,136,10
2,5,137,10
2,5,138,10
2,5,139,10
2,5,140,10
2,5,141,10
2,5,142,10
2,5,143,10
2,5,144,10
2,5,145,10
2,5,146,10
2,6,147,10
2,6,148,10
2,6,149,10
2,6,150,10
2,6,151,10
2,6,152,10
2,6,153,10
2,6,154,10
2,6,155,10
2,6,156,10
2,7,157,10
2,7,158,10
2,7,159,10
2,7,160,10
2,7,161,10
2,7,162,10
2,7,163,10
2,7,164,10
2,7,165,10
2,7,166,10
2,8,167,10
2,8,168,10
2,8,169,10
2,8,170,10
2,8,171,10
2,8,172,10
2,8,173,10
2,8,174,10
2,8,175,10
2,8,176,10
2,9,177,10
2,9,178,10
2,9,179,10
2,9,180,10
2,9,181,10
2,9,182,10
2,9,183,10
2,9,184,10
2,9,185,10
2,9,186,10
2,10,187,10
2,10,188,10
2,10,189,10
2,10,190,10
2,10,191,10
2,10,192,10
2,10,193,10
2,10,194,10
2,10,195,10
2,10,196,10
2,11,197,10
2,11,198,10
2,11,199,10
2,11,200,10
2,11,201,10
2,11,202,10
2,11,203,10
2,11,204,10
2,11,205,10
2,11,206,10
2,12,207,10
2,12,208,10
2,12,209,10
2,12,210,10
2,12,211,10
2,12,212,10
2,12,213,10
2,12,214,10
2,12,215,10
2,12,216,10
2,13,217,10
2,13,218,10
2,13,219,10
2,13,220,10
2,13,221,10
2,13,222,10
2,13,223,10
2,13,224,10
2,13,225,10
2,13,226,10
2,14,227,10
2,14,228,10
2,14,229,10
2,14,230,10
2,14,231,10
2,14,232,10
2,14,233,10
2,14,234,10
2,14,235,10
2,14,236,10
2,15,237,10
2,15,238,10
2,15,239,10
2,15,240,10
2,15,241,10
2,15,242,10
2,15,243,10
2,15,244,10
2,15,245,10
2,15,246,10
2,16,247,10
2,16,248,10
2,16,249,10
2,16,250,10
2,16,251,10
2,16,252,10
2,16,253,10
2,16,254,10
2,16,255,10
2,16,256,10
2,17,257,10
2,17,258,10
2,17,259,10
2,17,260,10
2,17,261,10
2,17,262,10
2,17,263,10
2,17,264,10
2,17,265,10
2,17,266,10
2,18,267,10
2,18,268,10
2,18,269,10
2,18,270,10
2,18,271,10
2,18,272,10
2,18,273,10
2,18,274,10
2,18,275,10
2,18,276,10
2,19,277,10
2,19,278,10
2,19,279,10
2,19,280,10
2,19,281,10
2,19,282,10
2,19,283,10
2,19,284,10
2,19,285,10
2,19,286,10
2,20,287,10
2,20,288,10
2,20,289,10
2,20,290,10
2,20,291,10
2,20,292,10
2,20,293,10
2,20,294,10
2,20,295,10
2,20,296,10
2,21,297,10
2,21,298,10
2,21,299,10
2,21,300,10
2,21,301,10
2,21,302,10
2,21,303,10
2,21,304,10
2,21,305,10
2,21,306,10
2,22,307,10
2,22,308,10
2,22,309,10
2,22,310,10
2,22,311,10
2,22,312,10
2,22,313,10
2,22,314,10
2,22,315,10
2,22,316,10
2,23,317,10
2,23,318,10
2,23,319,10
2,23,320,10
2,23,321,10
2,23,322,10
2,23,323,10
2,23,324,10
2,23,325,10
2,23,326,10
2,24,327,10
2,24,328,10
2,24,329,10
2,24,330,10
2,24,331,10
2,24,332,10
2,24,333,10
2,24,334,10
2,24,335,10
2,24,336,10
2,25,337,10
2,25,338,10
2,25,339,10
2,25,340,10
2,25,341,10
2,25,342,10
2,25,343,10
2,25,344,10
2,25,345,10
2,25,346,10
2,26,347,10
2,26,348,10
2,26,349,10
2,26,350,10
2,26,351,10
2,26,352,10
2,26,353,10
2,26,354,10
2,26,355,10
2,26,356,10
2,27,357,10
2,27,358,10
2,27,359,10
2,27,360,10
2,27,361,10
2,27,362,10
2,27,363,10
2,27,364,10
2,27,365,10
2,27,366,10
2,28,367,10
2,28,368,10
2,28,369,10
2,28,370,10
2,28,371,10
2,28,372,10
2,28,373,10
2,28,374,10
2,28,375,10
2,28,376,10
2,29,377,10
2,29,378,10
2,29,379,10
2,29,380,10
2,29,381,10
2,29,382,10
2,29,383,10
2,29,384,10
2,29,385,10
2,29,386,10
2,30,387,10
2,30,388,10
2,30,389,10
2,30,390,10
2,30,391,10
2,30,392,10
2,30,393,10
2,30,394,10
2,30,395,10
2,30,396,10
2,31,397,10
2,31,398,10
2,31,399,10
2,31,400,10
2,31,401,10
2,31,402,10
2,31,403,10
2,31,404,10
2,31,405,10
2,31,406,10
2,32,407,10
2,32,408,10
2,32,409,10
2,32,410,10
2,32,411,10
2,32,412,10
2,32,413,10
2,32,414,10
2,32,415,10
2,32,416,10
2,33,417,10
2,33,418,10
2,33,419,10
2,33,420,10
2,33,421,10
2,33,422,10
2,33,423,10
2,33,424,10
2,33,425,10
2,33,426,10
2,34,427,10
2,34,428,10
2,34,429,10
2,34,430,10
2,34,431,10
2,34,432,10
2,34,433,10
2,34,434,10
2,34,435,10
2,34,436,10
2,35,437,10
2,35,438,10
2,35,439,10
2,35,440,10
2,35,441,10
2,35,442,10
2,35,443,10
2,35,444,10
2,35,445,10
2,35,446,10
2,36,447,10
2,36,448,10
2,36,449,10
2,36,450,10
2,36,451,10
2,36,452,10
2,36,453,10
2,36,454,10
2,36,455,10
2,36,456,10
2,37,457,10
2,37,458,10
2,37,459,10
2,37,460,10
2,37,461,10
2,37,462,10
2,37,463,10
2,37,464,10
2,37,465,10
2,37,466,10
2,38,467,10
2,38,468,10
2,38,469,10
2,38,470,10
2,38,471,10
2,38,472,10
2,38,473,10
2,38,474,10
2,38,475,10
2,38,476,10
2,39,477,10
2,39,478,10
2,39,479,10
2,39,480,10
2,39,481,10
2,39,482,10
2,39,483,10
2,39,484,10
2,39,485,10
2,39,486,10
2,40,487,10
2,40,488,10
2,40,489,10
2,40,490,10
2,40,491,10
2,40,492,10
2,40,493,10
2,40,494,10
2,40,495,10
2,40,496,10
2,41,497,10
2,41,498,10
2,41,499,10
2,41,500,10
2,41,501,10
2,41,502,10
2,41,503,10
2,41,504,10
2,41,505,10
2,41,506,10
2,42,507,10
2,42,508,10
2,42,509,10
2,42,510,10
2,42,511,10
2,42,512,10
2,42,513,10
2,42,514,10
2,42,515,10
2,42,516,10
2,43,517,10
2,43,518,10
2,43,519,10
2,43,520,10
2,43,521,10
2,43,522,10
2,43,523,10
2,43,524,10
2,43,525,10
2,43,526,10
2,44,527,10
2,44,528,10
2,44,529,10
2,44,530,10
2,44,531,10
2,44,532,10
2,44,533,10
2,44,534,10
2,44,535,10
2,44,536,10
2,45,537,10
2,45,538,10
2,45,539,10
2,45,540,10
2,45,541,10
2,45,542,10
2,45,543,10
2,45,544,10
2,45,545,10
2,45,546,10
2,46,547,10
2,46,548,10
2,46,549,10
2,46,550,10
2,46,551,10
2,46,552,10
2,46,553,10
2,46,554,10
2,46,555,10
2,46,556,10
2,47,557,10
2,47,558,10
2,47,559,10
2,47,560,10
2,47,561,10
2,47,562,10
2,47,563,10
2,47,564,10
2,47,565,10
2,47,566,10
2,48,567,10
2,48,568,10
2,48,569,10
2,48,570,10
2,48,571,10
2,48,572,10
2,48,573,10
2,48,574,10
2,48,575,10
2,48,576,10
2,49,577,10
2,49,578,10
2,49,579,10
2,49,580,10
2,49,581,10
2,49,582,10
2,49,583,10
2,49,584,10
2,49,585,10
2,49,586,10
2,50,587,10
2,50,588,10
2,50,589,10
2,50,590,10
2,50,591,10
2,50,592,10
2,50,593,10
2,50,594,10
2,50,595,10
2,50,596,10
2,51,597,10
2,51,598,10
2,51,599,10
2,51,600,10
2,51,601,10
2,51,602,10
2,51,603,10
2,51,604,10
2,51,605,10
2,51,606,10
2,52,607,10
2,52,608,10
2,52,609,10
2,52,610,10
2,52,611,10
2,52,612,10
2,52,613,10
2,52,614,10
2,52,615,10
2,52,616,10
2,53,617,10
2,53,618,10
2,53,619,10
2,53,620,10
2,53,621,10
2,53,622,10
2,53,623,10
2,53,624,10
2,53,625,10
2,53,626,10
2,54,627,10
2,54,628,10
2,54,629,10
2,54,630,10
2,54,631,10
2,54,632,10
2,54,633,10
2,54,634,10
2,54,635,10
2,54,636,10
2,55,637,10
2,55,638,10
2,55,639,10
2,55,640,10
2,55,641,10
2,55,642,10
2,55,643,10
2,55,644,10
2,55,645,10
2,55,646,10
2,56,647,10
2,56,648,10
2,56,649,10
2,56,650,10
2,56,651,10
2,56,652,10
2,56,653,10
2,56,654,10
2,56,655,10
2,56,656,10
2,57,657,10
2,57,658,10
2,57,659,10
2,57,660,10
2,57,661,10
2,57,662,10
2,57,663,10
2,57,664,10
2,57,665,10
2,57,666,10
2,58,667,10
2,58,668,10
2,58,669,10
2,58,670,10
2,58,671,10
2,58,672,10
2,58,673,10
2,58,674,10
2,58,675,10
2,58,676,10
2,59,677,10
2,59,678,10
2,59,679,10
2,59,680,10
2,59,681,10
2,59,682,10
2,59,683,10
2,59,684,10
2,59,685,10
2,59,686,10
2,60,687,10
2,60,688,10
2,60,689,10
2,60,690,10
2,60,691,10
2,60,692,10
2,60,693,10
2,60,694,10
2,60,695,10
2,60,696,10
2,61,697,10
2,61,698,10
2,61,699,10
2,61,700,10
2,61,701,10
2,61,702,10
2,61,703,10
2,61,704,10
2,61,705,10
2,61,706,10
2,62,707,10
2,62,708,10
2,62,709,10
2,62,710,10
2,62,711,10
2,62,712,10
2,62,713,10
2,62,714,10
2,62,715,10
2,62,716,10
2,63,717,10
2,63,718,10
2,63,719,10
2,63,720,10
2,63,721,10
2,63,722,10
2,63,723,10
2,63,724,10
2,63,725,10
2,63,726,10
2,64,727,10
2,64,728,10
2,64,729,10
2,64,730,10
2,64,731,10
2,64,732,10
2,64,733,10
2,64,734,10
2,64,735,10
2,64,736,10
2,65,737,10
2,65,738,10
2,65,739,10
2,65,740,10
2,65,741,10
2,65,742,10
2,65,743,10
2,65,744,10
2,65,745,10
2,65,746,10
2,66,747,10
2,66,748,10
2,66,749,10
2,66,750,10
2,66,751,10
2,66,752,10
2,66,753,10
2,66,754,10
2,66,755,10
2,66,756,10
2,67,757,10
2,67,758,10
2,67,759,10
2,67,760,10
2,67,761,10
2,67,762,10
2,67,763,10
2,67,764,10
2,67,765,10
2,67,766,10
2,68,767,10
2,68,768,10
2,68,769,10
2,68,770,10
2,68,771,10
2,68,772,10
2,68,773,10
2,68,774,10
2,68,775,10
2,68,776,10
2,69,777,10
2,69,778,10
2,69,779,10
2,69,780,10
2,69,781,10
2,69,782,10
2,69,783,10
2,69,784,10
2,69,785,10
2,69,786,10
2,70,787,10
2,70,788,10
2,70,789,10
2,70,790,10
2,70,791,10
2,70,792,10
2,70,793,10
2,70,794,10
2,70,795,10
2,70,796,10
2,71,797,10
2,71,798,10
2,71,799,10
2,71,800,10
2,71,801,10
2,71,802,10
2,71,803,10
2,71,804,10
2,71,805,10
2,71,806,10
2,72,807,10
2,72,808,10
2,72,809,10
2,72,810,10
2,72,811,10
2,72,812,10
2,72,813,10
2,72,814,10
2,72,815,10
2,72,816,10
2,73,817,10
2,73,818,10
2,73,819,10
2,73,820,10
2,73,821,10
2,73,822,10
2,73,823,10
2,73,824,10
2,73,825,10
2,73,826,10
2,74,827,10
2,74,828,10
2,74,829,10
2,74,830,10
2,74,831,10
2,74,832,10
2,74,833,10
2,74,834,10
2,74,835,10
2,74,836,10
2,75,837,10
2,75,838,10
2,75,839,10
2,75,840,10
2,75,841,10
2,75,842,10
2,75,843,10
2,75,844,10
2,75,845,10
2,75,846,10
2,76,847,10
2,76,848,10
2,76,849,10
2,76,850,10
2,76,851,10
2,76,852,10
2,76,853,10
2,76,854,10
2,76,855,10
2,76,856,10
2,77,857,10
2,77,858,10
2,77,859,10
2,77,860,10
2,77,861,10
2,77,862,10
2,77,863,10
2,77,864,10
2,77,865,10
2,77,866,10
2,78,867,10
2,78,868,10
2,78,869,10
2,78,870,10
2,78,871,10
2,78,872,10
2,78,873,10
2,78,874,10
2,78,875,10
2,78,876,10
2,79,877,10
2,79,878,10
2,79,879,10
2,79,880,10
2,79,881,10
2,79,882,10
2,79,883,10
2,79,884,10
2,79,885,10
2,79,886,10
2,80,887,10
2,80,888,10
2,80,889,10
2,80,890,10
2,80,891,10
2,80,892,10
2,80,893,10
2,80,894,10
2,80,895,10
2,80,896,10
5,0,87,25
5,0,88,25
5,0,89,25
5,0,90,25
5,0,91,25
5,0,92,25
5,0,93,25
5,0,94,25
5,0,95,25
5,0,96,25
5,1,97,25
5,1,98,25
5,1,99,25
5,1,100,25
5,1,101,25
5,1,102,25
5,1,103,25
5,1,104,25
5,1,105,25
5,1,106,25
5,2,107,25
5,2,108,25
5,2,109,25
5,2,110,25
5,2,111,25
5,2,112,25
5,2,113,25
5,2,114,25
5,2,115,25
5,2,116,25
5,3,117,25
5,3,118,25
5,3,119,25
5,3,120,25
5,3,121,25
5,3,122,25
5,3,123,25
5,3,124,25
5,3,125,25
5,3,126,25
5,4,127,25
5,4,128,25
5,4,129,25
5,4,130,25
5,4,131,25
5,4,132,25
5,4,133,25
5,4,134,25
5,4,135,25
5,4,136,25
5,5,137,25
5,5,138,25
5,5,139,25
5,5,140,25
5,5,141,25
5,5,142,25
5,5,143,25
5,5,144,25
5,5,145,25
5,5,146,25
5,6,147,25
5,6,148,25
5,6,149,25
5,6,150,25
5,6,151,25
5,6,152,25
5,6,153,25
5,6,154,25
5,6,155,25
5,6,156,25
5,7,157,25
5,7,158,25
5,7,159,25
5,7,160,25
5,7,161,25
5,7,162,25
5,7,163,25
5,7,164,25
5,7,165,25
5,7,166,25
5,8,167,25
5,8,168,25
5,8,169,25
5,8,170,25
5,8,171,25
5,8,172,25
5,8,173,25
5,8,174,25
5,8,175,25
5,8,176,25
5,9,177,25
5,9,178,25
5,9,179,25
5,9,180,25
5,9,181,25
5,9,182,25
5,9,183,25
5,9,184,25
5,9,185,25
5,9,186,25
5,10,187,25
5,10,188,25
5,10,189,25
5,10,190,25
5,10,191,25
5,10,192,25
5,10,193,25
5,10,194,25
5,10,195,25
5,10,196,25
5,11,197,25
5,11,198,25
5,11,199,25
5,11,200,25
5,11,201,25
5,11,202,25
5,11,203,25
5,11,204,25
5,11,205,25
5,11,206,25
5,12,207,25
5,12,208,25
5,12,209,25
5,12,210,25
5,12,211,25
5,12,212,25
5,12,213,25
5,12,214,25
5,12,215,25
5,12,216,25
5,13,217,25
5,13,218,25
5,13,219,25
5,13,220,25
5,13,221,25
5,13,222,25
5,13,223,25
5,13,224,25
5,13,225,25
5,13,226,25
5,14,227,25
5,14,228,25
5,14,229,25
5,14,230,25
5,14,231,25
5,14,232,25
5,14,233,25
5,14,234,25
5,14,235,25
5,14,236,25
5,15,237,25
5,15,238,25
5,15,239,25
5,15,240,25
5,15,241,25
5,15,242,25
5,15,243,25
5,15,244,25
5,15,245,25
5,15,246,25
5,16,247,25
5,16,248,25
5,16,249,25
5,16,250,25
5,16,251,25
5,16,252,25
5,16,253,25
5,16,254,25
5,16,255,25
5,16,256,25
5,17,257,25
5,17,258,25
5,17,259,25
5,17,260,25
5,17,261,25
5,17,262,25
5,17,263,25
5,17,264,25
5,17,265,25
5,17,266,25
5,18,267,25
5,18,268,25
5,18,269,25
5,18,270,25
5,18,271,25
5,18,272,25
5,18,273,25
5,18,274,25
5,18,275,25
5,18,276,25
5,19,277,25
5,19,278,25
5,19,279,25
5,19,280,25
5,19,281,25
5,19,282,25
5,19,283,25
5,19,284,25
5,19,285,25
5,19,286,25
5,20,287,25
5,20,288,25
5,20,289,25
5,20,290,25
5,20,291,25
5,20,292,25
5,20,293,25
5,20,294,25
5,20,295,25
5,20,296,25
5,21,297,25
5,21,298,25
5,21,299,25
5,21,300,25
5,21,301,25
5,21,302,25
5,21,303,25
5,21,304,25
5,21,305,25
5,21,306,25
5,22,307,25
5,22,308,25
5,22,309,25
5,22,310,25
5,22,311,25
5,22,312,25
5,22,313,25
5,22,314,25
5,22,315,25
5,22,316,25
5,23,317,25
5,23,318,25
5,23,319,25
5,23,320,25
5,23,321,25
5,23,322,25
5,23,323,25
5,23,324,25
5,23,325,25
5,23,326,25
5,24,327,25
5,24,328,25
5,24,329,25
5,24,330,25
5,24,331,25
5,24,332,25
5,24,333,25
5,24,334,25
5,24,335,25
5,24,336,25
5,25,337,25
5,25,338,25
5,25,339,25
5,25,340,25
5,25,341,25
5,25,342,25
5,25,343,25
5,25,344,25
5,25,345,25
5,25,346,25
5,26,347,25
5,26,348,25
5,26,349,25
5,26,350,25
5,26,351,25
5,26,352,25
5,26,353,25
5,26,354,25
5,26,355,25
5,26,356,25
5,27,357,25
5,27,358,25
5,27,359,25
5,27,360,25
5,27,361,25
5,27,362,25
5,27,363,25
5,27,364,25
5,27,365,25
5,27,366,25
5,28,367,25
5,28,368,25
5,28,369,25
5,28,370,25
5,28,371,25
5,28,372,25
5,28,373,25
5,28,374,25
5,28,375,25
5,28,376,25
5,29,377,25
5,29,378,25
5,29,379,25
5,29,380,25
5,29,381,25
5,29,382,25
5,29,383,25
5,29,384,25
5,29,385,25
5,29,386,25
5,30,387,25
5,30,388,25
5,30,389,25
5,30,390,25
5,30,391,25
5,30,392,25
5,30,393,25
5,30,394,25
5,30,395,25
5,30,396,25
5,31,397,25
5,31,398,25
5,31,399,25
5,31,400,25
5,31,401,25
5,31,402,25
5,31,403,25
5,31,404,25
5,31,405,25
5,31,406,25
5,32,407,25
5,32,408,25
5,32,409,25
5,32,410,25
5,32,411,25
5,32,412,25
5,32,413,25
5,32,414,25
5,32,415,25
5,32,416,25
5,33,417,25
5,33,418,25
5,33,419,25
5,33,420,25
5,33,421,25
5,33,422,25
5,33,423,25
5,33,424,25
5,33,425,25
5,33,426,25
5,34,427,25
5,34,428,25
5,34,429,25
5,34,430,25
5,34,431,25
5,34,432,25
5,34,433,25
5,34,434,25
5,34,435,25
5,34,436,25
5,35,437,25
5,35,438,25
5,35,439,25
5,35,440,25
5,35,441,25
5,35,442,25
5,35,443,25
5,35,444,25
5,35,445,25
5,35,446,25
5,36,447,25
5,36,448,25
5,36,449,25
5,36,450,25
5,36,451,25
5,36,452,25
5,36,453,25
5,36,454,25
5,36,455,25
5,36,456,25
5,37,457,25
5,37,458,25
5,37,459,25
5,37,460,25
5,37,461,25
5,37,462,25
5,37,463,25
5,37,464,25
5,37,465,25
5,37,466,25
5,38,467,25
5,38,468,25
5,38,469,25
5,38,470,25
5,38,471,25
5,38,472,25
5,38,473,25
5,38,474,25
5,38,475,25
5,38,476,25
5,39,477,25
5,39,478,25
5,39,479,25
5,39,480,25
5,39,481,25
5,39,482,25
5,39,483,25
5,39,484,25
5,39,485,25
5,39,486,25
5,40,487,25
5,40,488,25
5,40,489,25
5,40,490,25
5,40,491,25
5,40,492,25
5,40,493,25
5,40,494,25
5,40,495,25
5,40,496,25
5,41,497,25
5,41,498,25
5,41,499,25
5,41,500,25
5,41,501,25
5,41,502,25
5,41,503,25
5,41,504,25
5,41,505,25
5,41,506,25
5,42,507,25
5,42,508,25
5,42,509,25
5,42,510,25
5,42,511,25
5,42,512,25
5,42,513,25
5,42,514,25
5,42,515,25
5,42,516,25
5,43,517,25
5,43,518,25
5,43,519,25
5,43,520,25
5,43,521,25
5,43,522,25
5,43,523,25
5,43,524,25
5,43,525,25
5,43,526,25
5,44,527,25
5,44,528,25
5,44,529,25
5,44,530,25
5,44,531,25
5,44,532,25
5,44,533,25
5,44,534,25
5,44,535,25
5,44,536,25
5,45,537,25
5,45,538,25
5,45,539,25
5,45,540,25
5,45,541,25
5,45,542,25
5,45,543,25
5,45,544,25
5,45,545,25
5,45,546,25
5,46,547,25
5,46,548,25
5,46,549,25
5,46,550,25
5,46,551,25
5,46,552,25
5,46,553,25
5,46,554,25
5,46,555,25
5,46,556,25
5,47,557,25
5,47,558,25
5,47,559,25
5,47,560,25
5,47,561,25
5,47,562,25
5,47,563,25
5,47,564,25
5,47,565,25
5,47,566,25
5,48,567,25
5,48,568,25
5,48,569,25
5,48,570,25
5,48,571,25
5,48,572,25
5,48,573,25
5,48,574,25
5,48,575,25
5,48,576,25
5,49,577,25
5,49,578,25
5,49,579,25
5,49,580,25
5,49,581,25
5,49,582,25
5,49,583,25
5,49,584,25
5,49,585,25
5,49,586,25
5,50,587,25
5,50,588,25
5,50,589,25
5,50,590,25
5,50,591,25
5,50,592,25
5,50,593,25
5,50,594,25
5,50,595,25
5,50,596,25
5,51,597,25
5,51,598,25
5,51,599,25
5,51,600,25
5,51,601,25
5,51,602,25
5,51,603,25
5,51,604,25
5,51,605,25
5,51,606,25
5,52,607,25
5,52,608,25
5,52,609,25
5,52,610,25
5,52,611,25
5,52,612,25
5,52,613,25
5,52,614,25
5,52,615,25
5,52,616,25
5,53,617,25
5,53,618,25
5,53,619,25
5,53,620,25
5,53,621,25
5,53,622,25
5,53,623,25
5,53,624,25
5,53,625,25
5,53,626,25
5,54,627,25
5,54,628,25
5,54,629,25
5,54,630,25
5,54,631,25
5,54,632,25
5,54,633,25
5,54,634,25
5,54,635,25
5,54,636,25
5,55,637,25
5,55,638,25
5,55,639,25
5,55,640,25
5,55,641,25
5,55,642,25
5,55,643,25
5,55,644,25
5,55,645,25
5,55,646,25
5,56,647,25
5,56,648,25
5,56,649,25
5,56,650,25
5,56,651,25
5,56,652,25
5,56,653,25
5,56,654,25
5,56,655,25
5,56,656,25
5,57,657,25
5,57,658,25
5,57,659,25
5,57,660,25
5,57,661,25
5,57,662,25
5,57,663,25
5,57,664,25
5,57,665,25
5,57,666,25
5,58,667,25
5,58,668,25
5,58,669,25
5,58,670,25
5,58,671,25
5,58,672,25
5,58,673,25
5,58,674,25
5,58,675,25
5,58,676,25
5,59,677,25
5,59,678,25
5,59,679,25
5,59,680,25
5,59,681,25
5,59,682,25
5,59,683,25
5,59,684,25
5,59,685,25
5,59,686,25
5,60,687,25
5,60,688,25
5,60,689,25
5,60,690,25
5,60,691,25
5,60,692,25
5,60,693,25
5,60,694,25
5,60,695,25
5,60,696,25
5,61,697,25
5,61,698,25
5,61,699,25
5,61,700,25
5,61,701,25
5,61,702,25
5,61,703,25
5,61,704,25
5,61,705,25
5,61,706,25
5,62,707,25
5,62,708,25
5,62,709,25
5,62,710,25
5,62,711,25
5,62,712,25
5,62,713,25
5,62,714,25
5,62,715,25
5,62,716,25
5,63,717,25
5,63,718,25
5,63,719,25
5,63,720,25
5,63,721,25
5,63,722,25
5,63,723,25
5,63,724,25
5,63,725,25
5,63,726,25
5,64,727,25
5,64,728,25
5,64,729,25
5,64,730,25
5,64,731,25
5,64,732,25
5,64,733,25
5,64,734,25
5,64,735,25
5,64,736,25
5,65,737,25
5,65,738,25
5,65,739,25
5,65,740,25
5,65,741,25
5,65,742,25
5,65,743,25
5,65,744,25
5,65,745,25
5,65,746,25
5,66,747,25
5,66,748,25
5,66,749,25
5,66,750,25
5,66,751,25
5,66,752,25
5,66,753,25
5,66,754,25
5,66,755,25
5,66,756,25
5,67,757,25
5,67,758,25
5,67,759,25
5,67,760,25
5,67,761,25
5,67,762,25
5,67,763,25
5,67,764,25
5,67,765,25
5,67,766,25
5,68,767,25
5,68,768,25
5,68,769,25
5,68,770,25
5,68,771,25
5,68,772,25
5,68,773,25
5,68,774,25
5,68,775,25
5,68,776,25
5,69,777,25
5,69,778,25
5,69,779,25
5,69,780,25
5,69,781,25
5,69,782,25
5,69,783,25
5,69,784,25
5,69,785,25
5,69,786,25
5,70,787,25
5,70,788,25
5,70,789,25
5,70,790,25
5,70,791,25
5,70,792,25
5,70,793,25
5,70,794,25
5,70,795,25
5,70,796,25
5,71,797,25
5,71,798,25
5,71,799,25
5,71,800,25
5,71,801,25
5,71,802,25
5,71,803,25
5,71,804,25
5,71,805,25
5,71,806,25
5,72,807,25
5,72,808,25
5,72,809,25
5,72,810,25
5,72,811,25
5,72,812,25
5,72,813,25
5,72,814,25
5,72,815,25
5,72,816,25
5,73,817,25
5,73,818,25
5,73,819,25
5,73,820,25
5,73,821,25
5,73,822,25
5,73,823,25
5,73,824,25
5,73,825,25
5,73,826,25
5,74,827,25
5,74,828,25
5,74,829,25
5,74,830,25
5,74,831,25
5,74,832,25
5,74,833,25
5,74,834,25
5,74,835,25
5,74,836,25
5,75,837,25
5,75,838,25
5,75,839,25
5,75,840,25
5,75,841,25
5,75,842,25
5,75,843,25
5,75,844,25
5,75,845,25
5,75,846,25
5,76,847,25
5,76,848,25
5,76,849,25
5,76,850,25
5,76,851,25
5,76,852,25
5,76,853,25
5,76,854,25
5,76,855,25
5,76,856,25
5,77,857,25
5,77,858,25
5,77,859,25
5,77,860,25
5,77,861,25
5,77,862,25
5,77,863,25
5,77,864,25
5,77,865,25
5,77,866,25
5,78,867,25
5,78,868,25
5,78,869,25
5,78,870,25
5,78,871,25
5,78,872,25
5,78,873,25
5,78,874,25
5,78,875,25
5,78,876,25
5,79,877,25
5,79,878,25
5,79,879,25
5,79,880,25
5,79,881,25
5,79,882,25
5,79,883,25
5,79,884,25
5,79,885,25
5,79,886,25
5,80,887,25
5,80,888,25
5,80,889,25
5,80,890,25
5,80,891,25
5,80,892,25
5,80,893,25
5,80,894,25
5,80,895,25
5,80,896,25
10,0,87,50
10,0,88,50
10,0,89,50
10,0,90,50
10,0,91,50
10,0,92,50
10,0,93,50
10,0,94,50
10,0,95,50
10,0,96,50
10,1,97,50
10,1,98,50
10,1,99,50
10,1,100,50
10,1,101,50
10,1,102,50
10,1,103,50
10,1,104,50
10,1,105,50
10,1,106,50
10,2,107,50
10,2,108,50
10,2,109,50
10,2,110,50
10,2,111,50
10,2,112,50
10,2,113,50
10,2,114,50
10,2,115,50
10,2,116,50
10,3,117,50
10,3,118,50
10,3,119,50
10,3,120,50
10,3,121,50
10,3,122,50
10,3,123,50
10,3,124,50
10,3,125,50
10,3,126,50
10,4,127,50
10,4,128,50
10,4,129,50
10,4,130,50
10,4,131,50
10,4,132,50
10,4,133,50
10,4,134,50
10,4,135,50
10,4,136,50
10,5,137,50
10,5,138,50
10,5,139,50
10,5,140,50
10,5,141,50
10,5,142,50
10,5,143,50
10,5,144,50
10,5,145,50
10,5,146,50
10,6,147,50
10,6,148,50
10,6,149,50
10,6,150,50
10,6,151,50
10,6,152,50
10,6,153,50
10,6,154,50
10,6,155,50
10,6,156,50
10,7,157,50
10,7,158,50
10,7,159,50
10,7,160,50
10,7,161,50
10,7,162,50
10,7,163,50
10,7,164,50
10,7,165,50
10,7,166,50
10,8,167,50
10,8,168,50
10,8,169,50
10,8,170,50
10,8,171,50
10,8,172,50
10,8,173,50
10,8,174,50
10,8,175,50
10,8,176,50
10,9,177,50
10,9,178,50
10,9,179,50
10,9,180,50
10,9,181,50
10,9,182,50
10,9,183,50
10,9,184,50
10,9,185,50
10,9,186,50
10,10,187,50
10,10,188,50
10,10,189,50
10,10,190,50
10,10,191,50
10,10,192,50
10,10,193,50
10,10,194,50
10,10,195,50
10,10,196,50
10,11,197,50
10,11,198,50
10,11,199,50
10,11,200,50
10,11,201,50
10,11,202,50
10,11,203,50
10,11,204,50
10,11,205,50
10,11,206,50
10,12,207,50
10,12,208,50
10,12,209,50
10,12,210,50
10,12,211,50
10,12,212,50
10,12,213,50
10,12,214,50
10,12,215,50
10,12,216,50
10,13,217,50
10,13,218,50
10,13,219,50
10,13,220,50
10,13,221,50
10,13,222,50
10,13,223,50
10,13,224,50
10,13,225,50
10,13,226,50
10,14,227,50
10,14,228,50
10,14,229,50
10,14,230,50
10,14,231,50
10,14,232,50
10,14,233,50
10,14,234,50
10,14,235,50
10,14,236,50
10,15,237,50
10,15,238,50
10,15,239,50
10,15,240,50
10,15,241,50
10,15,242,50
10,15,243,50
10,15,244,50
10,15,245,50
10,15,246,50
10,16,247,50
10,16,248,50
10,16,249,50
10,16,250,50
10,16,251,50
10,16,252,50
10,16,253,50
10,16,254,50
10,16,255,50
10,16,256,50
10,17,257,50
10,17,258,50
10,17,259,50
10,17,260,50
10,17,261,50
10,17,262,50
10,17,263,50
10,17,264,50
10,17,265,50
10,17,266,50
10,18,267,50
10,18,268,50
10,18,269,50
10,18,270,50
10,18,271,50
10,18,272,50
10,18,273,50
10,18,274,50
10,18,275,50
10,18,276,50
10,19,277,50
10,19,278,50
10,19,279,50
10,19,280,50
10,19,281,50
10,19,282,50
10,19,283,50
10,19,284,50
10,19,285,50
10,19,286,50
10,20,287,50
10,20,288,50
10,20,289,50
10,20,290,50
10,20,291,50
10,20,292,50
10,20,293,50
10,20,294,50
10,20,295,50
10,20,296,50
10,21,297,50
10,21,298,50
10,21,299,50
10,21,300,50
10,21,301,50
10,21,302,50
10,21,303,50
10,21,304,50
10,21,305,50
10,21,306,50
10,22,307,50
10,22,308,50
10,22,309,50
10,22,310,50
10,22,311,50
10,22,312,50
10,22,313,50
10,22,314,50
10,22,315,50
10,22,316,50
10,23,317,50
10,23,318,50
10,23,319,50
10,23,320,50
10,23,321,50
10,23,322,50
10,23,323,50
10,23,324,50
10,23,325,50
10,23,326,50
10,24,327,50
10,24,328,50
10,24,329,50
10,24,330,50
10,24,331,50
10,24,332,50
10,24,333,50
10,24,334,50
10,24,335,50
10,24,336,50
10,25,337,50
10,25,338,50
10,25,339,50
10,25,340,50
10,25,341,50
10,25,342,50
10,25,343,50
10,25,344,50
10,25,345,50
10,25,346,50
10,26,347,50
10,26,348,50
10,26,349,50
10,26,350,50
10,26,351,50
10,26,352,50
10,26,353,50
10,26,354,50
10,26,355,50
10,26,356,50
10,27,357,50
10,27,358,50
10,27,359,50
10,27,360,50
10,27,361,50
10,27,362,50
10,27,363,50
10,27,364,50
10,27,365,50
10,27,366,50
10,28,367,50
10,28,368,50
10,28,369,50
10,28,370,50
10,28,371,50
10,28,372,50
10,28,373,50
10,28,374,50
10,28,375,50
10,28,376,50
10,29,377,50
10,29,378,50
10,29,379,50
10,29,380,50
10,29,381,50
10,29,382,50
10,29,383,50
10,29,384,50
10,29,385,50
10,29,386,50
10,30,387,50
10,30,388,50
10,30,389,50
10,30,390,50
10,30,391,50
10,30,392,50
10,30,393,50
10,30,394,50
10,30,395,50
10,30,396,50
10,31,397,50
10,31,398,50
10,31,399,50
10,31,400,50
10,31,401,50
10,31,402,50
10,31,403,50
10,31,404,50
10,31,405,50
10,31,406,50
10,32,407,50
10,32,408,50
10,32,409,50
10,32,410,50
10,32,411,50
10,32,412,50
10,32,413,50
10,32,414,50
10,32,415,50
10,32,416,50
10,33,417,50
10,33,418,50
10,33,419,50
10,33,420,50
10,33,421,50
10,33,422,50
10,33,423,50
10,33,424,50
10,33,425,50
10,33,426,50
10,34,427,50
10,34,428,50
10,34,429,50
10,34,430,50
10,34,431,50
10,34,432,50
10,34,433,50
10,34,434,50
10,34,435,50
10,34,436,50
10,35,437,50
10,35,438,50
10,35,439,50
10,35,440,50
10,35,441,50
10,35,442,50
10,35,443,50
10,35,444,50
10,35,445,50
10,35,446,50
10,36,447,50
10,36,448,50
10,36,449,50
10,36,450,50
10,36,451,50
10,36,452,50
10,36,453,50
10,36,454,50
10,36,455,50
10,36,456,50
10,37,457,50
10,37,458,50
10,37,459,50
10,37,460,50
10,37,461,50
10,37,462,50
10,37,463,50
10,37,464,50
10,37,465,50
10,37,466,50
10,38,467,50
10,38,468,50
10,38,469,50
10,38,470,50
10,38,471,50
10,38,472,50
10,38,473,50
10,38,474,50
10,38,475,50
10,38,476,50
10,39,477,50
10,39,478,50
10,39,479,50
10,39,480,50
10,39,481,50
10,39,482,50
10,39,483,50
10,39,484,50
10,39,485,50
10,39,486,50
10,40,487,50
10,40,488,50
10,40,489,50
10,40,490,50
10,40,491,50
10,40,492,50
10,40,493,50
10,40,494,50
10,40,495,50
10,40,496,50
10,41,497,50
10,41,498,50
10,41,499,50
10,41,500,50
10,41,501,50
10,41,502,50
10,41,503,50
10,41,504,50
10,41,505,50
10,41,506,50
10,42,507,50
10,42,508,50
10,42,509,50
10,42,510,50
10,42,511,50
10,42,512,50
10,42,513,50
10,42,514,50
10,42,515,50
10,42,516,50
10,43,517,50
10,43,518,50
10,43,519,50
10,43,520,50
10,43,521,50
10,43,522,50
10,43,523,50
10,43,524,50
10,43,525,50
10,43,526,50
10,44,527,50
10,44,528,50
10,44,529,50
10,44,530,50
10,44,531,50
10,44,532,50
10,44,533,50
10,44,534,50
10,44,535,50
10,44,536,50
10,45,537,50
10,45,538,50
10,45,539,50
10,45,540,50
10,45,541,50
10,45,542,50
10,45,543,50
10,45,544,50
10,45,545,50
10,45,546,50
10,46,547,50
10,46,548,50
10,46,549,50
10,46,550,50
10,46,551,50
10,46,552,50
10,46,553,50
10,46,554,50
10,46,555,50
10,46,556,50
10,47,557,50
10,47,558,50
10,47,559,50
10,47,560,50
10,47,561,50
10,47,562,50
10,47,563,50
10,47,564,50
10,47,565,50
10,47,566,50
10,48,567,50
10,48,568,50
10,48,569,50
10,48,570,50
10,48,571,50
10,48,572,50
10,48,573,50
10,48,574,50
10,48,575,50
10,48,576,50
10,49,577,50
10,49,578,50
10,49,579,50
10,49,580,50
10,49,581,50
10,49,582,50
10,49,583,50
10,49,584,50
10,49,585,50
10,49,586,50
10,50,587,50
10,50,588,50
10,50,589,50
10,50,590,50
10,50,591,50
10,50,592,50
10,50,593,50
10,50,594,50
10,50,595,50
10,50,596,50
10,51,597,50
10,51,598,50
10,51,599,50
10,51,600,50
10,51,601,50
10,51,602,50
10,51,603,50
10,51,604,50
10,51,605,50
10,51,606,50
10,52,607,50
10,52,608,50
10,52,609,50
10,52,610,50
10,52,611,50
10,52,612,50
10,52,613,50
10,52,614,50
10,52,615,50
10,52,616,50
10,53,617,50
10,53,618,50
10,53,619,50
10,53,620,50
10,53,621,50
10,53,622,50
10,53,623,50
10,53,624,50
10,53,625,50
10,53,626,50
10,54,627,50
10,54,628,50
10,54,629,50
10,54,630,50
10,54,631,50
10,54,632,50
10,54,633,50
10,54,634,50
10,54,635,50
10,54,636,50
10,55,637,50
10,55,638,50
10,55,639,50
10,55,640,50
10,55,641,50
10,55,642,50
10,55,643,50
10,55,644,50
10,55,645,50
10,55,646,50
10,56,647,50
10,56,648,50
10,56,649,50
10,56,650,50
10,56,651,50
10,56,652,50
10,56,653,50
10,56,654,50
10,56,655,50
10,56,656,50
10,57,657,50
10,57,658,50
10,57,659,50
10,57,660,50
10,57,661,50
10,57,662,50
10,57,663,50
10,57,664,50
10,57,665,50
10,57,666,50
10,58,667,50
10,58,668,50
10,58,669,50
10,58,670,50
10,58,671,50
10,58,672,50
10,58,673,50
10,58,674,50
10,58,675,50
10,58,676,50
10,59,677,50
10,59,678,50
10,59,679,50
10,59,680,50
10,59,681,50
10,59,682,50
10,59,683,50
10,59,684,50
10,59,685,50
10,59,686,50
10,60,687,50
10,60,688,50
10,60,689,50
10,60,690,50
10,60,691,50
10,60,692,50
10,60,693,50
10,60,694,50
10,60,695,50
10,60,696,50
10,61,697,50
10,61,698,50
10,61,699,50
10,61,700,50
10,61,701,50
10,61,702,50
10,61,703,50
10,61,704,50
10,61,705,50
10,61,706,50
10,62,707,50
10,62,708,50
10,62,709,50
10,62,710,50
10,62,711,50
10,62,712,50
10,62,713,50
10,62,714,50
10,62,715,50
10,62,716,50
10,63,717,50
10,63,718,50
10,63,719,50
10,63,720,50
10,63,721,50
10,63,722,50
10,63,723,50
10,63,724,50
10,63,725,50
10,63,726,50
10,64,727,50
10,64,728,50
10,64,729,50
10,64,730,50
10,64,731,50
10,64,732,50
10,64,733,50
10,64,734,50
10,64,735,50
10,64,736,50
10,65,737,50
10,65,738,50
10,65,739,50
10,65,740,50
10,65,741,50
10,65,742,50
10,65,743,50
10,65,744,50
10,65,745,50
10,65,746,50
10,66,747,50
10,66,748,50
10,66,749,50
10,66,750,50
10,66,751,50
10,66,752,50
10,66,753,50
10,66,754,50
10,66,755,50
10,66,756,50
10,67,757,50
10,67,758,50
10,67,759,50
10,67,760,50
10,67,761,50
10,67,762,50
10,67,763,50
10,67,764,50
10,67,765,50
10,67,766,50
10,68,767,50
10,68,768,50
10,68,769,50
10,68,770,50
10,68,771,50
10,68,772,50
10,68,773,50
10,68,774,50
10,68,775,50
10,68,776,50
10,69,777,50
10,69,778,50
10,69,779,50
10,69,780,50
10,69,781,50
10,69,782,50
10,69,783,50
10,69,784,50
10,69,785,50
10,69,786,50
10,70,787,50
10,70,788,50
10,70,789,50
10,70,790,50
10,70,791,50
10,70,792,50
10,70,793,50
10,70,794,50
10,70,795,50
10,70,796,50
10,71,797,50
10,71,798,50
10,71,799,50
10,71,800,50
10,71,801,50
10,71,802,50
10,71,803,50
10,71,804,50
10,71,805,50
10,71,806,50
10,72,807,50
10,72,808,50
10,72,809,50
10,72,810,50
10,72,811,50
10,72,812,50
10,72,813,50
10,72,814,50
10,72,815,50
10,72,816,50
10,73,817,50
10,73,818,50
10,73,819,50
10,73,820,50
10,73,821,50
10,73,822,50
10,73,823,50
10,73,824,50
10,73,825,50
10,73,826,50
10,74,827,50
10,74,828,50
10,74,829,50
10,74,830,50
10,74,831,50
10,74,832,50
10,74,833,50
10,74,834,50
10,74,835,50
10,74,836,50
10,75,837,50
10,75,838,50
10,75,839,50
10,75,840,50
10,75,841,50
10,75,842,50
10,75,843,50
10,75,844,50
10,75,845,50
10,75,846,50
10,76,847,50
10,76,848,50
10,76,849,50
10,76,850,50
10,76,851,50
10,76,852,50
10,76,853,50
10,76,854,50
10,76,855,50
10,76,856,50
10,77,857,50
10,77,858,50
10,77,859,50
10,77,860,50
10,77,861,50
10,77,862,50
10,77,863,50
10,77,864,50
10,77,865,50
10,77,866,50
10,78,867,50
10,78,868,50
10,78,869,50
10,78,870,50
10,78,871,50
10,78,872,50
10,78,873,50
10,78,874,50
10,78,875,50
10,78,876,50
10,79,877,50
10,79,878,50
10,79,879,50
10,79,880,50
10,79,881,50
10,79,882,50
10,79,883,50
10,79,884,50
10,79,885,50
10,79,886,50
10,80,887,50
10,80,888,50
10,80,889,50
10,80,890,50
10,80,891,50
10,80,892,50
10,80,893,50
10,80,894,50
10,80,895,50
10,80,896,50
