ratio,negative_ratio,sampling_round,n_outer_folds,n_samples,n_edcs,n_non_edcs,pr_auc,roc_auc,ranking_metric_aggregation,recall,specificity,balanced_accuracy,mcc,f1_score,accuracy,tp,tn,fp,fn,threshold_mean,threshold_sd
1,1:1,1,5,162,81,81,0.9862635502471631,0.9856118373275237,test-size-weighted outer-fold mean,0.9382716049382716,0.8765432098765432,0.9074074074074074,0.8163716483922342,0.9101796407185628,0.9074074074074074,76,71,10,5,0.5128395061728394,0.0816700679563817
1,1:1,2,5,162,81,81,0.9850472713762475,0.9847948438634713,test-size-weighted outer-fold mean,0.9135802469135802,0.8148148148148148,0.8641975308641975,0.7319738706183233,0.8705882352941177,0.8641975308641975,74,66,15,7,0.48783950617283944,0.08363611660042572
1,1:1,3,5,162,81,81,0.9741946228459916,0.9837962962962963,test-size-weighted outer-fold mean,0.8518518518518519,0.4074074074074074,0.6296296296296297,0.28941438070815306,0.696969696969697,0.6296296296296297,69,33,48,12,0.482716049382716,0.037848381735551134
1,1:1,4,5,162,81,81,0.9800491246025015,0.9818672839506173,test-size-weighted outer-fold mean,0.9135802469135802,0.5679012345679012,0.7407407407407407,0.5131134789411353,0.7789473684210526,0.7407407407407407,74,46,35,7,0.47999999999999987,0.028062430400804562
1,1:1,5,5,162,81,81,0.9707333546385835,0.9795524691358025,test-size-weighted outer-fold mean,0.8765432098765432,0.3333333333333333,0.6049382716049383,0.24997297151189465,0.6893203883495146,0.6049382716049383,71,27,54,10,0.47530864197530853,0.02645751311064591
1,1:1,6,5,162,81,81,0.9750264576375214,0.979257443718228,test-size-weighted outer-fold mean,0.9506172839506173,0.20987654320987653,0.5802469135802469,0.23890440011532088,0.6936936936936937,0.5802469135802469,77,17,64,4,0.5304938271604938,0.16068602926203637
1,1:1,7,5,162,81,81,0.995632615185992,0.9953703703703703,test-size-weighted outer-fold mean,0.9012345679012346,0.9135802469135802,0.9074074074074074,0.8148769172359114,0.906832298136646,0.9074074074074074,73,74,7,8,0.4791358024691357,0.04669047011971501
1,1:1,8,5,162,81,81,0.9833314641427743,0.9807552650689905,test-size-weighted outer-fold mean,0.9876543209876543,0.38271604938271603,0.6851851851851851,0.4651302547095317,0.7582938388625592,0.6851851851851852,80,31,50,1,0.43870370370370365,0.0823862852664204
1,1:1,9,5,162,81,81,0.9652117224339447,0.9714506172839507,test-size-weighted outer-fold mean,0.8765432098765432,0.7901234567901234,0.8333333333333333,0.6691701560804231,0.8402366863905325,0.8333333333333334,71,64,17,10,0.49462962962962953,0.1758195097251724
1,1:1,10,5,162,81,81,0.9809018777156033,0.9717683369644154,test-size-weighted outer-fold mean,1.0,0.16049382716049382,0.5802469135802469,0.295378269592824,0.7043478260869566,0.5802469135802469,81,13,68,0,0.48518518518518505,0.021213203435596416
1,1:1,11,5,162,81,81,0.9610171654673433,0.958855301379811,test-size-weighted outer-fold mean,0.9876543209876543,0.2839506172839506,0.6358024691358024,0.3822764257713038,0.730593607305936,0.6358024691358025,80,23,58,1,0.5005555555555555,0.028062430400804573
1,1:1,12,5,162,81,81,0.9629315629097763,0.9702932098765432,test-size-weighted outer-fold mean,0.8641975308641975,0.7654320987654321,0.8148148148148148,0.6327231762971947,0.8235294117647058,0.8148148148148148,70,62,19,11,0.5549999999999999,0.07288689868556628
1,1:1,13,5,162,81,81,0.9781608571368919,0.9787127814088599,test-size-weighted outer-fold mean,1.0,0.37037037037037035,0.6851851851851851,0.4767312946227962,0.7605633802816901,0.6851851851851852,81,30,51,0,0.497037037037037,0.013038404810405286
1,1:1,14,5,162,81,81,0.9630908770886984,0.9786220043572986,test-size-weighted outer-fold mean,0.8395061728395061,0.5925925925925926,0.7160493827160493,0.44590510038088893,0.7472527472527473,0.7160493827160493,68,48,33,13,0.44271604938271597,0.08871302046486747
1,1:1,15,5,162,81,81,0.8420202485957213,0.7708333333333334,test-size-weighted outer-fold mean,0.9135802469135802,0.5802469135802469,0.7469135802469136,0.523782800878924,0.783068783068783,0.7469135802469136,74,47,34,7,0.4279012345679012,0.18029836383062378
1,1:1,16,5,162,81,81,0.9872198688102828,0.9864742193173566,test-size-weighted outer-fold mean,0.9259259259259259,0.5679012345679012,0.7469135802469136,0.5288858853479451,0.7853403141361257,0.7469135802469136,75,46,35,6,0.4341358024691357,0.17942965195307048
1,1:1,17,5,162,81,81,0.9509704529842702,0.959763071895425,test-size-weighted outer-fold mean,0.9753086419753086,0.3333333333333333,0.654320987654321,0.40254569756868647,0.7383177570093458,0.654320987654321,79,27,54,2,0.47895061728395044,0.061073725938409894
1,1:1,18,5,162,81,81,0.9985021786492374,0.9984567901234568,test-size-weighted outer-fold mean,0.9259259259259259,0.5925925925925926,0.7592592592592593,0.5499719409228703,0.7936507936507936,0.7592592592592593,75,48,33,6,0.4589506172839506,0.06797058187186572
1,1:1,19,5,162,81,81,0.9900060526007763,0.9868827160493827,test-size-weighted outer-fold mean,0.9135802469135802,0.654320987654321,0.7839506172839505,0.5880064914496507,0.8087431693989071,0.7839506172839507,74,53,28,7,0.5061728395061728,0.06360031446463142
1,1:1,20,5,162,81,81,0.9906781635125388,0.9892429193899782,test-size-weighted outer-fold mean,0.9629629629629629,0.5802469135802469,0.7716049382716049,0.5879747322073337,0.8082901554404145,0.7716049382716049,78,47,34,3,0.4349999999999999,0.11104053313993044
1,1:1,21,5,162,81,81,0.978625342623164,0.9763071895424836,test-size-weighted outer-fold mean,0.9259259259259259,0.345679012345679,0.6358024691358024,0.3334864844249578,0.7177033492822966,0.6358024691358025,75,28,53,6,0.5048148148148147,0.01732050807568879
1,1:1,22,5,162,81,81,0.9934082892416225,0.9927151416122004,test-size-weighted outer-fold mean,0.8641975308641975,0.8395061728395061,0.8518518518518519,0.7039183129504446,0.8536585365853658,0.8518518518518519,70,68,13,11,0.5651851851851851,0.21695045517352576
1,1:1,23,5,162,81,81,0.980577300130677,0.9845679012345679,test-size-weighted outer-fold mean,0.9629629629629629,0.5925925925925926,0.7777777777777777,0.598089167121675,0.8125,0.7777777777777778,78,48,33,3,0.4980246913580246,0.011510864433221349
1,1:1,24,5,162,81,81,0.9883838028893901,0.9814814814814815,test-size-weighted outer-fold mean,0.9753086419753086,0.18518518518518517,0.5802469135802469,0.26183933571599727,0.6991150442477876,0.5802469135802469,79,15,66,2,0.4954320987654319,0.0223606797749979
1,1:1,25,5,162,81,81,0.9769542590532156,0.9690677196804648,test-size-weighted outer-fold mean,1.0,0.32098765432098764,0.6604938271604939,0.4372373160976031,0.7465437788018433,0.6604938271604939,81,26,55,0,0.5202469135802469,0.12291257055321887
1,1:1,26,5,162,81,81,0.9992737835875091,0.9992283950617284,test-size-weighted outer-fold mean,0.8888888888888888,0.3333333333333333,0.611111111111111,0.2672612419124244,0.6956521739130435,0.6111111111111112,72,27,54,9,0.47530864197530853,0.04527692569068707
1,1:1,27,5,162,81,81,0.9553906530070387,0.9655954974582426,test-size-weighted outer-fold mean,0.7654320987654321,0.5802469135802469,0.6728395061728395,0.35176323534072423,0.7005649717514124,0.6728395061728395,62,47,34,19,0.4691358024691357,0.0997747463038619
1,1:1,28,5,162,81,81,0.9561444651444179,0.9717229484386348,test-size-weighted outer-fold mean,0.9753086419753086,0.38271604938271603,0.6790123456790124,0.4444738068759794,0.7523809523809524,0.6790123456790124,79,31,50,2,0.4720370370370369,0.04549725266430929
1,1:1,29,5,162,81,81,0.9819996698621924,0.9725399419026871,test-size-weighted outer-fold mean,0.9753086419753086,0.3333333333333333,0.654320987654321,0.40254569756868647,0.7383177570093458,0.654320987654321,79,27,54,2,0.4610493827160493,0.040835033978190834
1,1:1,30,5,162,81,81,0.959434972152837,0.9749228395061729,test-size-weighted outer-fold mean,0.9753086419753086,0.30864197530864196,0.6419753086419753,0.38095972949996415,0.7314814814814815,0.6419753086419753,79,25,56,2,0.5082716049382715,0.05106368572674717
1,1:1,31,5,162,81,81,0.9669815954238613,0.9829339143064634,test-size-weighted outer-fold mean,0.8765432098765432,0.5925925925925926,0.7345679012345678,0.4892748924933745,0.7675675675675676,0.7345679012345679,71,48,33,10,0.48518518518518505,0.030207614933986427
1,1:1,32,5,162,81,81,0.9579445818183607,0.9429012345679012,test-size-weighted outer-fold mean,0.9012345679012346,0.6049382716049383,0.7530864197530864,0.5299706017918122,0.7849462365591398,0.7530864197530864,73,49,32,8,0.4829012345679012,0.0739594483484024
1,1:1,33,5,162,81,81,0.972923203642158,0.9807098765432098,test-size-weighted outer-fold mean,0.9135802469135802,0.38271604938271603,0.6481481481481481,0.34962992804883897,0.7219512195121951,0.6481481481481481,74,31,50,7,0.4891358024691357,0.027928480087537882
1,1:1,34,5,162,81,81,0.9843406617502006,0.9777142338416848,test-size-weighted outer-fold mean,1.0,0.37037037037037035,0.6851851851851851,0.4767312946227962,0.7605633802816901,0.6851851851851852,81,30,51,0,0.5129012345679012,0.032326459750489256
1,1:1,35,5,162,81,81,0.9800729131740484,0.9787581699346406,test-size-weighted outer-fold mean,0.9506172839506173,0.30864197530864196,0.6296296296296297,0.33813838595769663,0.719626168224299,0.6296296296296297,77,25,56,4,0.5122222222222221,0.02413503677229436
1,1:1,36,5,162,81,81,0.9846877239091436,0.9829339143064634,test-size-weighted outer-fold mean,0.8888888888888888,0.7037037037037037,0.7962962962962963,0.6030226891555273,0.8135593220338984,0.7962962962962963,72,57,24,9,0.49493827160493814,0.049117206760971276
1,1:1,37,5,162,81,81,0.9891823953098464,0.9884259259259259,test-size-weighted outer-fold mean,0.9135802469135802,0.7777777777777778,0.845679012345679,0.6978227007909176,0.8554913294797688,0.845679012345679,74,63,18,7,0.48012345679012347,0.10561723344227496
1,1:1,38,5,162,81,81,0.9743425883404097,0.9741512345679012,test-size-weighted outer-fold mean,0.8888888888888888,0.7037037037037037,0.7962962962962963,0.6030226891555273,0.8135593220338984,0.7962962962962963,72,57,24,9,0.5040123456790122,0.00961769203083568
1,1:1,39,5,162,81,81,0.9823549310262416,0.9807098765432098,test-size-weighted outer-fold mean,0.8765432098765432,0.4074074074074074,0.6419753086419753,0.3215289835125542,0.71,0.6419753086419753,71,33,48,10,0.49543209876543204,0.032093613071762436
1,1:1,40,5,162,81,81,0.9681016605036211,0.9677287581699345,test-size-weighted outer-fold mean,0.9753086419753086,0.5679012345679012,0.7716049382716049,0.5948118774794626,0.8102564102564103,0.7716049382716049,79,46,35,2,0.5011728395061728,0.022748626332154652
1,1:1,41,5,162,81,81,0.9876968609539416,0.9862926652142339,test-size-weighted outer-fold mean,0.9753086419753086,0.3950617283950617,0.6851851851851851,0.4547542969431243,0.7559808612440191,0.6851851851851852,79,32,49,2,0.48518518518518516,0.03082207001484488
1,1:1,42,5,162,81,81,0.9874658399357651,0.9874273783587509,test-size-weighted outer-fold mean,0.9876543209876543,0.2839506172839506,0.6358024691358024,0.3822764257713038,0.730593607305936,0.6358024691358025,80,23,58,1,0.5437654320987655,0.08799147685997778
1,1:1,43,5,162,81,81,0.9635108174323862,0.9753086419753086,test-size-weighted outer-fold mean,0.9012345679012346,0.345679012345679,0.6234567901234568,0.2969569354582493,0.7053140096618358,0.6234567901234568,73,28,53,8,0.5444444444444444,0.08767838958375093
1,1:1,44,5,162,81,81,0.8444856757835009,0.7839506172839507,test-size-weighted outer-fold mean,0.9753086419753086,0.35802469135802467,0.6666666666666666,0.4236890786422853,0.7452830188679245,0.6666666666666666,79,29,52,2,0.49641975308641967,0.028809720581775868
1,1:1,45,5,162,81,81,0.9593184395602223,0.9737654320987654,test-size-weighted outer-fold mean,1.0,0.0,0.5,0.0,0.6666666666666666,0.5,81,0,81,0,0.4950617283950617,0.011180339887498935
1,1:1,46,5,162,81,81,0.9879561419376233,0.9854756717501815,test-size-weighted outer-fold mean,0.8024691358024691,0.654320987654321,0.7283950617283951,0.46188696320176853,0.7471264367816092,0.7283950617283951,65,53,28,16,0.41345679012345665,0.06330481814206561
1,1:1,47,5,162,81,81,0.9792855296779732,0.9795524691358025,test-size-weighted outer-fold mean,1.0,0.4567901234567901,0.7283950617283951,0.5440588203494178,0.7864077669902912,0.7283950617283951,81,37,44,0,0.5604320987654321,0.08287038071591082
1,1:1,48,5,162,81,81,0.9937323050529927,0.9925562817719682,test-size-weighted outer-fold mean,0.8641975308641975,0.5925925925925926,0.728395061728395,0.4746320990224032,0.7608695652173914,0.7283950617283951,70,48,33,11,0.5177777777777778,0.037516662964608156
1,1:1,49,5,162,81,81,0.9942363776786435,0.9930555555555556,test-size-weighted outer-fold mean,0.9876543209876543,0.4074074074074074,0.6975308641975309,0.48507125007266594,0.7655502392344498,0.6975308641975309,80,33,48,1,0.5203086419753086,0.05255949010407162
1,1:1,50,5,162,81,81,0.9709666261681512,0.9725399419026871,test-size-weighted outer-fold mean,0.8765432098765432,0.5555555555555556,0.7160493827160495,0.45624152556694875,0.7553191489361702,0.7160493827160493,71,45,36,10,0.4872222222222221,0.04221966366516911
2,1:2,1,5,243,81,162,0.9800865687905591,0.9891975308641975,test-size-weighted outer-fold mean,0.6666666666666666,0.9382716049382716,0.8024691358024691,0.6474326176625702,0.7448275862068966,0.8477366255144033,54,152,10,27,0.4838271604938271,0.12744606702444766
2,1:2,2,5,243,81,162,0.9708366051488974,0.9855891430646333,test-size-weighted outer-fold mean,0.9629629629629629,0.9753086419753086,0.9691358024691358,0.935424468636976,0.9570552147239264,0.9711934156378601,78,158,4,3,0.4754938271604937,0.0257390753524675
2,1:2,3,5,243,81,162,0.9720716895735052,0.9842501815541032,test-size-weighted outer-fold mean,0.7901234567901234,0.8950617283950617,0.8425925925925926,0.6851851851851852,0.7901234567901234,0.8600823045267489,64,145,17,17,0.4666049382716048,0.08119421161634616
2,1:2,4,5,243,81,162,0.9385392593281596,0.972937091503268,test-size-weighted outer-fold mean,0.9629629629629629,0.5370370370370371,0.75,0.4880935300919764,0.6666666666666666,0.6790123456790124,78,87,75,3,0.4964197530864196,0.03664014192112253
2,1:2,5,5,243,81,162,0.9403601200081215,0.9662649782135077,test-size-weighted outer-fold mean,0.9135802469135802,0.6851851851851852,0.7993827160493827,0.5647558344473945,0.7184466019417476,0.7613168724279835,74,111,51,7,0.5264197530864196,0.06680194607943694
2,1:2,6,5,243,81,162,0.9772950137386557,0.9855664488017429,test-size-weighted outer-fold mean,0.8888888888888888,0.5925925925925926,0.7407407407407407,0.4581897949526569,0.6575342465753424,0.691358024691358,72,96,66,9,0.5090123456790123,0.05694295391003177
2,1:2,7,5,243,81,162,0.9456562407872464,0.9822757806826434,test-size-weighted outer-fold mean,0.9135802469135802,0.6790123456790124,0.7962962962962963,0.5590852462516898,0.714975845410628,0.757201646090535,74,110,52,7,0.5330864197530863,0.035637059362410954
2,1:2,8,5,243,81,162,0.9735730782571742,0.9832175925925926,test-size-weighted outer-fold mean,0.9629629629629629,0.7592592592592593,0.8611111111111112,0.6813851438692469,0.7878787878787878,0.8271604938271605,78,123,39,3,0.5079012345679011,0.005700877125495695
2,1:2,9,5,243,81,162,0.967146270365511,0.9817197712418301,test-size-weighted outer-fold mean,0.8765432098765432,0.48148148148148145,0.6790123456790124,0.35116062277994997,0.6016949152542372,0.6131687242798354,71,78,84,10,0.4685185185185184,0.04929503017546495
2,1:2,10,5,243,81,162,0.9454813476241639,0.9779865649963689,test-size-weighted outer-fold mean,1.0,0.7592592592592593,0.8796296296296297,0.7158910531638177,0.8059701492537313,0.8395061728395061,81,123,39,0,0.5022839506172838,0.03817721833764216
2,1:2,11,5,243,81,162,0.9382077687905575,0.9782929375453885,test-size-weighted outer-fold mean,0.8888888888888888,0.7345679012345679,0.8117283950617284,0.588643660201698,0.7346938775510204,0.7860082304526749,72,119,43,9,0.4929629629629629,0.02049390153191919
2,1:2,12,5,243,81,162,0.9736608981200581,0.9881762890341321,test-size-weighted outer-fold mean,0.8765432098765432,0.7222222222222222,0.7993827160493827,0.5651007469424808,0.7208121827411168,0.7736625514403292,71,117,45,10,0.48679012345678996,0.017175564037317653
2,1:2,13,5,243,81,162,0.9736528180732659,0.9844430827886711,test-size-weighted outer-fold mean,0.7407407407407407,0.7839506172839507,0.7623456790123457,0.5068871335367395,0.6818181818181818,0.7695473251028807,60,127,35,21,0.5040123456790122,0.023291629397704235
2,1:2,14,5,243,81,162,0.9632769071207897,0.9759100399419026,test-size-weighted outer-fold mean,0.9259259259259259,0.8827160493827161,0.904320987654321,0.7827070341446045,0.8571428571428571,0.897119341563786,75,143,19,6,0.48030864197530854,0.029790938219532465
2,1:2,15,5,243,81,162,0.949526618330648,0.9678762708787219,test-size-weighted outer-fold mean,0.9753086419753086,0.37037037037037035,0.6728395061728395,0.3737987949680771,0.6030534351145038,0.5720164609053497,79,60,102,2,0.4925308641975308,0.06330481814206565
2,1:2,16,5,243,81,162,0.9720122711952778,0.9834785766158316,test-size-weighted outer-fold mean,0.8641975308641975,0.7592592592592593,0.8117283950617284,0.5909363805294265,0.7368421052631579,0.7942386831275721,70,123,39,11,0.4961728395061727,0.00961769203083568
2,1:2,17,5,243,81,162,0.9643928406295997,0.9839551561365286,test-size-weighted outer-fold mean,0.8518518518518519,0.7037037037037037,0.7777777777777778,0.5241424183609592,0.696969696969697,0.7530864197530864,69,114,48,12,0.5006172839506172,0.024083189157584593
2,1:2,18,5,243,81,162,0.9395892014098902,0.9714846586782862,test-size-weighted outer-fold mean,0.9382716049382716,0.8580246913580247,0.8981481481481481,0.7639692336076042,0.8444444444444444,0.8847736625514403,76,139,23,5,0.4914814814814814,0.050299105359837164
2,1:2,19,5,243,81,162,0.9900819884609015,0.9935775236020334,test-size-weighted outer-fold mean,0.9753086419753086,0.8271604938271605,0.9012345679012346,0.7620211255023903,0.8404255319148937,0.8765432098765432,79,134,28,2,0.4393209876543209,0.1462617516646098
2,1:2,20,5,243,81,162,0.9525313074046018,0.9832175925925926,test-size-weighted outer-fold mean,0.7654320987654321,0.7901234567901234,0.7777777777777777,0.5357142857142857,0.7005649717514124,0.7818930041152263,62,128,34,19,0.48932098765432086,0.0369797241742012
2,1:2,21,5,243,81,162,0.9744043087979767,0.9889365468409586,test-size-weighted outer-fold mean,0.8395061728395061,0.5864197530864198,0.712962962962963,0.40406881213262624,0.6296296296296297,0.6707818930041153,68,95,67,13,0.4506172839506172,0.05465802777268862
2,1:2,22,5,243,81,162,0.982162534740603,0.9889251997095134,test-size-weighted outer-fold mean,0.8765432098765432,0.7716049382716049,0.8240740740740741,0.6148873228105183,0.7513227513227513,0.8065843621399177,71,125,37,10,0.4782716049382715,0.05727128425310544
2,1:2,23,5,243,81,162,0.9677865813873725,0.9832516339869282,test-size-weighted outer-fold mean,0.8765432098765432,0.8518518518518519,0.8641975308641976,0.7036786089098267,0.8068181818181818,0.8600823045267489,71,138,24,10,0.48969135802469127,0.03840572873934305
2,1:2,24,5,243,81,162,0.9733263661135667,0.9846132897603486,test-size-weighted outer-fold mean,0.8395061728395061,0.7716049382716049,0.8055555555555556,0.5815485859014491,0.7311827956989247,0.7942386831275721,68,125,37,13,0.4980246913580246,0.049320381182630796
2,1:2,25,5,243,81,162,0.9131190655963641,0.9590935911401598,test-size-weighted outer-fold mean,0.9629629629629629,0.49382716049382713,0.728395061728395,0.4540646416482798,0.6473029045643154,0.6502057613168725,78,80,82,3,0.4330864197530863,0.09526279441628824
2,1:2,26,5,243,81,162,0.9755089943543103,0.9853395061728395,test-size-weighted outer-fold mean,0.8148148148148148,0.5370370370370371,0.6759259259259259,0.3360858403966819,0.5945945945945946,0.6296296296296297,66,87,75,15,0.48975308641975307,0.037815340802378083
2,1:2,27,5,243,81,162,0.966962504734836,0.9859182098765432,test-size-weighted outer-fold mean,0.9876543209876543,0.2777777777777778,0.632716049382716,0.319404792952768,0.5755395683453237,0.51440329218107,80,45,117,1,0.45654320987654307,0.04761827380323651
2,1:2,28,5,243,81,162,0.9679855986341225,0.9766022149600581,test-size-weighted outer-fold mean,0.9629629629629629,0.3950617283950617,0.6790123456790123,0.3776758892762018,0.6070038910505836,0.5843621399176955,78,64,98,3,0.3460493827160493,0.10766847263707233
2,1:2,29,5,243,81,162,0.9373538199432594,0.9760348583877996,test-size-weighted outer-fold mean,0.8888888888888888,0.7716049382716049,0.8302469135802468,0.6260415120460262,0.7578947368421053,0.8106995884773662,72,125,37,9,0.5227160493827159,0.04309872387901992
2,1:2,30,5,243,81,162,0.9112535742032961,0.9410289578794481,test-size-weighted outer-fold mean,1.0,0.46296296296296297,0.7314814814814815,0.4724555912615341,0.6506024096385542,0.6419753086419753,81,75,87,0,0.4849382716049382,0.03984344362627308
2,1:2,31,5,243,81,162,0.9600985390147443,0.9754107661583151,test-size-weighted outer-fold mean,0.7037037037037037,0.5925925925925926,0.6481481481481481,0.2793721183078313,0.5588235294117647,0.6296296296296297,57,96,66,24,0.49407407407407394,0.05308012810836087
2,1:2,32,5,243,81,162,0.9346032133914831,0.9711782861292665,test-size-weighted outer-fold mean,0.9382716049382716,0.20987654320987653,0.5740740740740741,0.19026059766179765,0.5333333333333333,0.45267489711934156,76,34,128,5,0.5044444444444444,0.02190890230020665
2,1:2,33,5,243,81,162,0.9570421781478425,0.9803694625998547,test-size-weighted outer-fold mean,0.9753086419753086,0.7716049382716049,0.8734567901234568,0.7049194884540224,0.8020304568527918,0.8395061728395061,79,125,37,2,0.4670370370370369,0.05438290172471492
2,1:2,34,5,243,81,162,0.9705473701299869,0.9876202795933188,test-size-weighted outer-fold mean,0.9876543209876543,0.8827160493827161,0.9351851851851851,0.8350361390594743,0.8888888888888888,0.9176954732510288,80,143,19,1,0.5414197530864197,0.15449919093639294
2,1:2,35,5,243,81,162,0.967330074498117,0.9816403413217138,test-size-weighted outer-fold mean,0.9876543209876543,0.5,0.7438271604938271,0.4861745593573757,0.6611570247933884,0.6625514403292181,80,81,81,1,0.5073456790123455,0.016807736313971627
2,1:2,36,5,243,81,162,0.9333964811874456,0.9793028322440087,test-size-weighted outer-fold mean,0.8271604938271605,0.808641975308642,0.8179012345679013,0.6109774589239441,0.7486033519553073,0.8148148148148148,67,131,31,14,0.4920370370370369,0.05069516742254631
2,1:2,37,5,243,81,162,0.9595445639381732,0.9819921023965141,test-size-weighted outer-fold mean,0.9382716049382716,0.4444444444444444,0.691358024691358,0.38777274863581124,0.6153846153846154,0.6090534979423868,76,72,90,5,0.457716049382716,0.023345235059857503
2,1:2,38,5,243,81,162,0.9857232394814095,0.9934413580246914,test-size-weighted outer-fold mean,0.9629629629629629,0.6049382716049383,0.7839506172839505,0.5432102678185032,0.6995515695067265,0.7242798353909465,78,98,64,3,0.4195679012345677,0.04743416490252569
2,1:2,39,5,243,81,162,0.97239685651602,0.9837168663761802,test-size-weighted outer-fold mean,0.9012345679012346,0.9567901234567902,0.9290123456790124,0.8607182405238966,0.906832298136646,0.9382716049382716,73,155,7,8,0.4603703703703702,0.03758324094593226
2,1:2,40,5,243,81,162,0.9757225033096494,0.9858614742193174,test-size-weighted outer-fold mean,0.7654320987654321,0.9320987654320988,0.8487654320987654,0.7172615574677845,0.8051948051948052,0.8765432098765432,62,151,11,19,0.48969135802469127,0.04227883631321942
2,1:2,41,5,243,81,162,0.9685166418787248,0.9817992011619462,test-size-weighted outer-fold mean,0.7777777777777778,0.7839506172839507,0.7808641975308642,0.5397956190493098,0.7039106145251397,0.7818930041152263,63,127,35,18,0.49055555555555547,0.034713109915419565
2,1:2,42,5,243,81,162,0.9699836596047784,0.9854983660130718,test-size-weighted outer-fold mean,1.0,0.38271604938271603,0.691358024691358,0.41384866585751395,0.6183206106870229,0.588477366255144,81,62,100,0,0.45549382716049375,0.05667892024377317
2,1:2,43,5,243,81,162,0.9513161317484216,0.9779071350762526,test-size-weighted outer-fold mean,0.9753086419753086,0.30864197530864196,0.6419753086419753,0.3263807066703995,0.5808823529411765,0.5308641975308642,79,50,112,2,0.48148148148148134,0.02966479394838265
2,1:2,44,5,243,81,162,0.9743481637641452,0.9766249092229484,test-size-weighted outer-fold mean,1.0,0.25308641975308643,0.6265432098765432,0.31856733748903304,0.5724381625441696,0.5020576131687243,81,41,121,0,0.46641975308641964,0.09256079083499666
2,1:2,45,5,243,81,162,0.935114602444824,0.9758079157588961,test-size-weighted outer-fold mean,0.8888888888888888,0.7098765432098766,0.7993827160493827,0.564641003885813,0.72,0.7695473251028807,72,115,47,9,0.467037037037037,0.02949576240750525
2,1:2,46,5,243,81,162,0.9721042257102659,0.9837962962962963,test-size-weighted outer-fold mean,0.9753086419753086,0.5679012345679012,0.7716049382716049,0.5257879313337801,0.6869565217391305,0.7037037037037037,79,92,70,2,0.4954938271604938,0.03681032463861194
2,1:2,47,5,243,81,162,0.9634522169108226,0.9730392156862745,test-size-weighted outer-fold mean,0.9629629629629629,0.6975308641975309,0.8302469135802468,0.6233585559056232,0.75,0.7860082304526749,78,113,49,3,0.4993209876543209,0.032093613071762436
2,1:2,48,5,243,81,162,0.9702615998296589,0.9760802469135802,test-size-weighted outer-fold mean,0.8271604938271605,0.4074074074074074,0.6172839506172839,0.23530426719358322,0.5491803278688525,0.5473251028806584,67,66,96,14,0.4661728395061727,0.024849547279578367
2,1:2,49,5,243,81,162,0.970063555539705,0.9860430283224401,test-size-weighted outer-fold mean,0.9753086419753086,0.8703703703703703,0.9228395061728395,0.8100979825050432,0.8729281767955801,0.9053497942386831,79,141,21,2,0.5132098765432097,0.032710854467592254
2,1:2,50,5,243,81,162,0.9582938857720994,0.9836260893246187,test-size-weighted outer-fold mean,0.9135802469135802,0.5185185185185185,0.7160493827160493,0.4208628114633966,0.6351931330472103,0.6502057613168725,74,84,78,7,0.4698148148148147,0.04286607049870563
5,1:5,1,5,486,81,405,0.8959871230973825,0.9808460421205519,test-size-weighted outer-fold mean,0.6419753086419753,0.9827160493827161,0.8123456790123457,0.7128457680541197,0.7428571428571429,0.9259259259259259,52,398,7,29,0.48067901234567895,0.02408318915758459
5,1:5,2,5,486,81,405,0.93387570820897,0.9838598402323891,test-size-weighted outer-fold mean,0.7777777777777778,0.6123456790123457,0.6950617283950618,0.29209217732538156,0.4186046511627907,0.6399176954732511,63,248,157,18,0.4871604938271604,0.024899799195977457
5,1:5,3,5,486,81,405,0.9258973063166963,0.9855664488017427,test-size-weighted outer-fold mean,0.7777777777777778,0.7876543209876543,0.7827160493827161,0.45702756582656806,0.5478260869565217,0.7860082304526749,63,319,86,18,0.49629629629629624,0.0708343137187056
5,1:5,4,5,486,81,405,0.9079591522263628,0.9735611837327525,test-size-weighted outer-fold mean,0.9135802469135802,0.5876543209876544,0.7506172839506173,0.3736108433124819,0.45962732919254656,0.6419753086419753,74,238,167,7,0.4967283950617283,0.02464751508773247
5,1:5,5,5,486,81,405,0.9127135583753335,0.9838553013798113,test-size-weighted outer-fold mean,0.9012345679012346,0.6987654320987654,0.8,0.4562023007992834,0.5289855072463768,0.7325102880658436,73,283,122,8,0.4826543209876542,0.03866522985836241
5,1:5,6,5,486,81,405,0.9064192345590023,0.9647467320261437,test-size-weighted outer-fold mean,0.7901234567901234,0.7950617283950617,0.7925925925925925,0.47479356844317183,0.5614035087719298,0.7942386831275721,64,322,83,17,0.46969135802469125,0.06066300355241241
5,1:5,7,5,486,81,405,0.933661581085615,0.9824891067538126,test-size-weighted outer-fold mean,0.8395061728395061,0.9629629629629629,0.9012345679012346,0.7947065446016202,0.8292682926829268,0.9423868312757202,68,390,15,13,0.4525308641975308,0.03850324661635691
5,1:5,8,5,486,81,405,0.9129137679032695,0.9844408133623821,test-size-weighted outer-fold mean,0.8518518518518519,0.9530864197530864,0.9024691358024691,0.7790220057986178,0.8165680473372781,0.9362139917695473,69,386,19,12,0.49944444444444436,0.023822258499143188
5,1:5,9,5,486,81,405,0.9220733440605016,0.9842637981118374,test-size-weighted outer-fold mean,0.7037037037037037,0.7802469135802469,0.7419753086419754,0.39341886649281316,0.5022026431718062,0.7674897119341564,57,316,89,24,0.477037037037037,0.014832396974191317
5,1:5,10,5,486,81,405,0.9133032324502939,0.9713916122004358,test-size-weighted outer-fold mean,0.9876543209876543,0.3111111111111111,0.6493827160493827,0.2534260668251761,0.36363636363636365,0.42386831275720166,80,126,279,1,0.4719135802469135,0.07300684899377594
5,1:5,11,5,486,81,405,0.9311164246551343,0.9778231663035584,test-size-weighted outer-fold mean,0.9259259259259259,0.5876543209876544,0.7567901234567902,0.38280335608457844,0.46439628482972134,0.6440329218106996,75,238,167,6,0.48944444444444435,0.02678619047195774
5,1:5,12,5,486,81,405,0.9118063867252607,0.983850762527233,test-size-weighted outer-fold mean,0.8271604938271605,0.7530864197530864,0.7901234567901234,0.45533316387916173,0.5403225806451613,0.7654320987654321,67,305,100,14,0.4993827160493826,0.027018512172212593
5,1:5,13,5,486,81,405,0.9104610435221536,0.9738380537400145,test-size-weighted outer-fold mean,0.8641975308641975,0.7604938271604939,0.8123456790123457,0.4902097466443741,0.5645161290322581,0.7777777777777778,70,308,97,11,0.5264814814814813,0.08650144507463446
5,1:5,14,5,486,81,405,0.9266682287207456,0.9861111111111112,test-size-weighted outer-fold mean,0.9135802469135802,0.7802469135802469,0.8469135802469135,0.5476792087685067,0.6065573770491803,0.8024691358024691,74,316,89,7,0.47055555555555545,0.06451743950281971
5,1:5,15,5,486,81,405,0.9111815350794188,0.9836011256354394,test-size-weighted outer-fold mean,0.9753086419753086,0.562962962962963,0.7691358024691358,0.4017793305220947,0.4688427299703264,0.6316872427983539,79,228,177,2,0.5037654320987652,0.013874436925511621
5,1:5,16,5,486,81,405,0.9440166458037117,0.9864379084967321,test-size-weighted outer-fold mean,0.9135802469135802,0.9629629629629629,0.9382716049382716,0.8446039227799874,0.8705882352941177,0.9547325102880658,74,390,15,7,0.5087654320987653,0.0379802580296659
5,1:5,17,5,486,81,405,0.91391623374942,0.9827932098765432,test-size-weighted outer-fold mean,0.8148148148148148,0.7728395061728395,0.7938271604938272,0.4675483078692694,0.5523012552301255,0.779835390946502,66,313,92,15,0.4882098765432098,0.03327912258458748
5,1:5,18,5,486,81,405,0.9320537138811443,0.9865196078431373,test-size-weighted outer-fold mean,0.9135802469135802,0.7061728395061728,0.8098765432098765,0.4720372315777048,0.5401459854014599,0.7407407407407407,74,286,119,7,0.4788888888888888,0.06786015030929421
5,1:5,19,5,486,81,405,0.9465642331627984,0.9874001452432823,test-size-weighted outer-fold mean,0.9135802469135802,0.9580246913580247,0.9358024691358025,0.8326652860831503,0.8604651162790697,0.9506172839506173,74,388,17,7,0.4992592592592592,0.035601966237835805
5,1:5,20,5,486,81,405,0.9077645393628179,0.9817719680464778,test-size-weighted outer-fold mean,0.9506172839506173,0.7975308641975308,0.874074074074074,0.5942718898844223,0.6416666666666667,0.823045267489712,77,323,82,4,0.4788271604938271,0.02073644135332771
5,1:5,21,5,486,81,405,0.9284339310358881,0.9862881263616559,test-size-weighted outer-fold mean,0.9012345679012346,0.9037037037037037,0.9024691358024691,0.7123407438652599,0.7564766839378239,0.9032921810699589,73,366,39,8,0.5107407407407407,0.08974965180990956
5,1:5,22,5,486,81,405,0.9296212863249328,0.9827523602033406,test-size-weighted outer-fold mean,0.8765432098765432,0.5975308641975309,0.737037037037037,0.3535965568702911,0.4507936507936508,0.6440329218106996,71,242,163,10,0.4873456790123456,0.0354612464529943
5,1:5,23,5,486,81,405,0.931075391070463,0.9856572258533044,test-size-weighted outer-fold mean,0.9382716049382716,0.5456790123456791,0.7419753086419754,0.3616014602644057,0.44574780058651026,0.6111111111111112,76,221,184,5,0.4715432098765431,0.03053686296920494
5,1:5,24,5,486,81,405,0.9105991607100998,0.9802650689905591,test-size-weighted outer-fold mean,0.8024691358024691,0.5728395061728395,0.6876543209876543,0.2797977816037931,0.40752351097178685,0.6111111111111112,65,232,173,16,0.4677777777777777,0.03213253802611927
5,1:5,25,5,486,81,405,0.8921589936986143,0.9818264342774146,test-size-weighted outer-fold mean,0.9876543209876543,0.3802469135802469,0.6839506172839506,0.2941856064391346,0.3883495145631068,0.48148148148148145,80,154,251,1,0.44913580246913576,0.0432145808726638
5,1:5,26,5,486,81,405,0.9485566021462134,0.979529774872912,test-size-weighted outer-fold mean,0.9753086419753086,0.671604938271605,0.8234567901234568,0.4861531199945442,0.5392491467576792,0.7222222222222222,79,272,133,2,0.5175308641975308,0.06723094525588649
5,1:5,27,5,486,81,405,0.9030813512442731,0.9817447349310094,test-size-weighted outer-fold mean,0.9753086419753086,0.5012345679012346,0.7382716049382716,0.3596186582712168,0.43646408839779005,0.5802469135802469,79,203,202,2,0.508395061728395,0.07136175446273729
5,1:5,28,5,486,81,405,0.952660109093376,0.9876043936092957,test-size-weighted outer-fold mean,0.9629629629629629,0.7679012345679013,0.865432098765432,0.5696100738242295,0.616600790513834,0.8004115226337448,78,311,94,3,0.48185185185185175,0.0354612464529943
5,1:5,29,5,486,81,405,0.9196457661833607,0.9833696441539578,test-size-weighted outer-fold mean,0.8024691358024691,0.9604938271604938,0.8814814814814815,0.762962962962963,0.8024691358024691,0.934156378600823,65,389,16,16,0.5080246913580245,0.01604680653588123
5,1:5,30,5,486,81,405,0.9298444113358273,0.985430283224401,test-size-weighted outer-fold mean,0.9012345679012346,0.7753086419753087,0.8382716049382717,0.5332313819638754,0.5959183673469388,0.7962962962962963,73,314,91,8,0.49246913580246904,0.02564176280991617
5,1:5,31,5,486,81,405,0.9007346271220825,0.9804965504720407,test-size-weighted outer-fold mean,0.8888888888888888,0.7358024691358025,0.8123456790123457,0.48265834098032795,0.5538461538461539,0.7613168724279835,72,298,107,9,0.44962962962962955,0.0571620503481112
5,1:5,32,5,486,81,405,0.9231997740271165,0.98110929557008,test-size-weighted outer-fold mean,1.0,0.18765432098765433,0.5938271604938272,0.19254394493649318,0.329938900203666,0.3230452674897119,81,76,329,0,0.47302469135802455,0.08250757540977677
5,1:5,33,5,486,81,405,0.879464659623185,0.9787990196078431,test-size-weighted outer-fold mean,0.9382716049382716,0.9432098765432099,0.9407407407407407,0.8156618201430593,0.8444444444444444,0.9423868312757202,76,382,23,5,0.49814814814814806,0.02252776065213762
5,1:5,34,5,486,81,405,0.9630040423837962,0.9876043936092956,test-size-weighted outer-fold mean,0.8024691358024691,0.980246913580247,0.891358024691358,0.8164654359817327,0.8441558441558441,0.9506172839506173,65,397,8,16,0.5375925925925925,0.03383784863137729
5,1:5,35,5,486,81,405,0.900438196622694,0.98139070442992,test-size-weighted outer-fold mean,0.9135802469135802,0.5111111111111111,0.7123456790123457,0.31882480743187896,0.4192634560906516,0.5781893004115226,74,207,198,7,0.47506172839506167,0.05454356057317857
5,1:5,36,5,486,81,405,0.9391334664672262,0.9849627814088598,test-size-weighted outer-fold mean,0.9876543209876543,0.6567901234567901,0.8222222222222222,0.48270057601250843,0.5333333333333333,0.7119341563786008,80,266,139,1,0.5064814814814814,0.022192341021172166
5,1:5,37,5,486,81,405,0.8889479278754542,0.9792392883079158,test-size-weighted outer-fold mean,0.7407407407407407,0.7654320987654321,0.7530864197530864,0.4047520088592121,0.5084745762711864,0.7613168724279835,60,310,95,21,0.48277777777777775,0.0354612464529943
5,1:5,38,5,486,81,405,0.9349503015066024,0.9826025780682643,test-size-weighted outer-fold mean,0.9259259259259259,0.5654320987654321,0.745679012345679,0.36643528164069117,0.45180722891566266,0.6255144032921811,75,229,176,6,0.4859876543209876,0.013874436925511593
5,1:5,39,5,486,81,405,0.9226610441777855,0.9842637981118373,test-size-weighted outer-fold mean,0.8518518518518519,0.9679012345679012,0.9098765432098765,0.8157469765060865,0.8466257668711656,0.948559670781893,69,392,13,12,0.4863580246913579,0.04709033871188441
5,1:5,40,5,486,81,405,0.9251042458859796,0.9846995279593319,test-size-weighted outer-fold mean,0.7037037037037037,0.9851851851851852,0.8444444444444444,0.7643261927183838,0.7916666666666666,0.9382716049382716,57,399,6,24,0.4873456790123456,0.07742738533619742
5,1:5,41,5,486,81,405,0.8973365549245609,0.9809095860566449,test-size-weighted outer-fold mean,0.8024691358024691,0.7802469135802469,0.7913580246913581,0.46676426395970155,0.5531914893617021,0.7839506172839507,65,316,89,16,0.4682716049382715,0.0522733201547405
5,1:5,42,5,486,81,405,0.9551289864628358,0.9862699709513436,test-size-weighted outer-fold mean,0.7160493827160493,0.9876543209876543,0.8518518518518519,0.780763315142435,0.8055555555555556,0.9423868312757202,58,400,5,23,0.5380246913580247,0.07902531240052145
5,1:5,43,5,486,81,405,0.9665191009585432,0.9895515613652869,test-size-weighted outer-fold mean,0.8395061728395061,0.9135802469135802,0.8765432098765431,0.6867471058300618,0.7391304347826086,0.9012345679012346,68,370,35,13,0.5064814814814814,0.06097130472607586
5,1:5,44,5,486,81,405,0.8879834077001832,0.9812227668845316,test-size-weighted outer-fold mean,1.0,0.5703703703703704,0.7851851851851852,0.4256482944735422,0.48214285714285715,0.6419753086419753,81,231,174,0,0.478395061728395,0.04724933861970979
5,1:5,45,5,486,81,405,0.9011174955160736,0.9834740377632534,test-size-weighted outer-fold mean,0.9135802469135802,0.9580246913580247,0.9358024691358025,0.8326652860831503,0.8604651162790697,0.9506172839506173,74,388,17,7,0.49438271604938255,0.03517811819867572
5,1:5,46,5,486,81,405,0.9349596904303933,0.9842093318809007,test-size-weighted outer-fold mean,0.8888888888888888,0.5728395061728395,0.7308641975308642,0.34416368324844393,0.44171779141104295,0.6255144032921811,72,232,173,9,0.4864197530864197,0.03130495168499706
5,1:5,47,5,486,81,405,0.9345390884392654,0.9868464052287581,test-size-weighted outer-fold mean,0.6666666666666666,0.9728395061728395,0.8197530864197531,0.7001918246210934,0.7397260273972602,0.9218106995884774,54,394,11,27,0.4530864197530864,0.09130991183874833
5,1:5,48,5,486,81,405,0.9157117558635259,0.9841775599128542,test-size-weighted outer-fold mean,0.8024691358024691,0.7851851851851852,0.7938271604938272,0.4723859015277455,0.5579399141630901,0.7880658436213992,65,318,87,16,0.43839506172839493,0.06248999919987198
5,1:5,49,5,486,81,405,0.9513875934704011,0.9877496368917936,test-size-weighted outer-fold mean,0.9506172839506173,0.5802469135802469,0.7654320987654322,0.3957364291150719,0.4695121951219512,0.6419753086419753,77,235,170,4,0.49876543209876534,0.050818303789087665
5,1:5,50,5,486,81,405,0.9093084557142028,0.9848493100944081,test-size-weighted outer-fold mean,0.9629629629629629,0.6,0.7814814814814814,0.4196397990844169,0.48598130841121495,0.6604938271604939,78,243,162,3,0.49395061728395057,0.018841443681416777
10,1:10,1,5,891,81,810,0.8589437467871154,0.9838257988380538,test-size-weighted outer-fold mean,0.7654320987654321,0.9876543209876543,0.8765432098765431,0.7943678079791172,0.8104575163398693,0.9674523007856342,62,800,10,19,0.4861728395061728,0.08568838894506073
10,1:10,2,5,891,81,810,0.8675647544725604,0.9846178286129267,test-size-weighted outer-fold mean,0.7777777777777778,0.8814814814814815,0.8296296296296297,0.4949794335662569,0.525,0.8720538720538721,63,714,96,18,0.567469135802469,0.177573928266511
10,1:10,3,5,891,81,810,0.8777216285158136,0.9859522512708787,test-size-weighted outer-fold mean,0.9382716049382716,0.9567901234567902,0.9475308641975309,0.7791646052648197,0.7916666666666666,0.9551066217732884,76,775,35,5,0.4923456790123456,0.024392621835300936
10,1:10,4,5,891,81,810,0.8617086208840412,0.9836147421931736,test-size-weighted outer-fold mean,0.6419753086419753,0.9740740740740741,0.8080246913580247,0.645747098900454,0.6753246753246753,0.9438832772166106,52,789,21,29,0.4812962962962962,0.05260703375025055
10,1:10,5,5,891,81,810,0.8533191513704903,0.9837009803921568,test-size-weighted outer-fold mean,0.8395061728395061,0.9679012345679012,0.9037037037037037,0.755587319464636,0.7771428571428571,0.9562289562289562,68,784,26,13,0.5041358024691357,0.07574628703771563
10,1:10,6,5,891,81,810,0.8684523873447743,0.9847017973856209,test-size-weighted outer-fold mean,0.691358024691358,0.9012345679012346,0.7962962962962963,0.4736944619890014,0.5161290322580645,0.8821548821548821,56,730,80,25,0.6038888888888888,0.14199471821162926
10,1:10,7,5,891,81,810,0.8658959524400514,0.9841594045025417,test-size-weighted outer-fold mean,0.7654320987654321,0.8975308641975308,0.8314814814814815,0.5163222859489517,0.5486725663716814,0.8855218855218855,62,727,83,19,0.4993827160493826,0.07881941385217228
10,1:10,8,5,891,81,810,0.8694586259624009,0.9839869281045753,test-size-weighted outer-fold mean,0.9259259259259259,0.8950617283950617,0.9104938271604939,0.6148978372097258,0.6224066390041494,0.8978675645342312,75,725,85,6,0.4939506172839505,0.024341322889276165
10,1:10,9,5,891,81,810,0.8499899589635385,0.9849559731299927,test-size-weighted outer-fold mean,0.8641975308641975,0.5962962962962963,0.730246913580247,0.26634840718604774,0.2928870292887029,0.6206509539842873,70,483,327,11,0.4782716049382715,0.018234582528810463
10,1:10,10,5,891,81,810,0.8748785517979609,0.9839006899055918,test-size-weighted outer-fold mean,0.6790123456790124,0.7209876543209877,0.7,0.2474724926506992,0.30386740331491713,0.7171717171717171,55,584,226,26,0.47598765432098755,0.09182864476839457
10,1:10,11,5,891,81,810,0.8675767284972049,0.9805532861292665,test-size-weighted outer-fold mean,0.9506172839506173,0.8777777777777778,0.9141975308641975,0.5981542121714613,0.5992217898832685,0.8843995510662177,77,711,99,4,0.48283950617283944,0.01565247584249851
10,1:10,12,5,891,81,810,0.8620933892608115,0.985496096586783,test-size-weighted outer-fold mean,0.8148148148148148,0.7876543209876543,0.8012345679012345,0.391448607814616,0.41379310344827586,0.7901234567901234,66,638,172,15,0.5015432098765431,0.026598872156540776
10,1:10,13,5,891,81,810,0.8444150349602442,0.9815087145969499,test-size-weighted outer-fold mean,0.8641975308641975,0.39382716049382716,0.6290123456790123,0.1536058958563442,0.21806853582554517,0.43658810325476993,70,319,491,11,0.47506172839506156,0.019364916731037077
10,1:10,14,5,891,81,810,0.8782385754533989,0.9856368010167029,test-size-weighted outer-fold mean,0.7654320987654321,0.9555555555555556,0.8604938271604938,0.6624654232387535,0.6927374301675978,0.9382716049382716,62,774,36,19,0.4560493827160493,0.05515886148208645
10,1:10,15,5,891,81,810,0.8380932484495685,0.9733796296296297,test-size-weighted outer-fold mean,0.8888888888888888,0.7888888888888889,0.8388888888888888,0.43750367429380077,0.4444444444444444,0.797979797979798,72,639,171,9,0.5387654320987654,0.08526429498916883
10,1:10,16,5,891,81,810,0.8573953636978047,0.982913489469862,test-size-weighted outer-fold mean,0.7160493827160493,0.9851851851851852,0.8506172839506172,0.7492517002439347,0.7682119205298014,0.9607182940516273,58,798,12,23,0.49345679012345667,0.032132538026119255
10,1:10,17,5,891,81,810,0.8769596921529039,0.9858297022512709,test-size-weighted outer-fold mean,0.7530864197530864,0.9703703703703703,0.8617283950617284,0.7079794179390871,0.7349397590361446,0.9506172839506173,61,786,24,20,0.470432098765432,0.031104662029991584
10,1:10,18,5,891,81,810,0.8829189598664479,0.9862608932461875,test-size-weighted outer-fold mean,0.7283950617283951,0.9888888888888889,0.8586419753086421,0.7766435833259724,0.7919463087248322,0.9652076318742986,59,801,9,22,0.5543209876543209,0.1608182203607539
10,1:10,19,5,891,81,810,0.8629420057151967,0.9840255083514887,test-size-weighted outer-fold mean,0.8395061728395061,0.8827160493827161,0.8611111111111112,0.5370273128938977,0.5573770491803278,0.8787878787878788,68,715,95,13,0.4675308641975308,0.04919349550499537
10,1:10,20,5,891,81,810,0.864177587112908,0.9875431190994918,test-size-weighted outer-fold mean,0.8888888888888888,0.7728395061728395,0.8308641975308642,0.4203953894425662,0.42729970326409494,0.7833894500561167,72,626,184,9,0.4706172839506172,0.04735504197020629
10,1:10,21,5,891,81,810,0.8771590902460529,0.9855165214233843,test-size-weighted outer-fold mean,0.8888888888888888,0.980246913580247,0.9345679012345679,0.8374782761443419,0.8520710059171598,0.9719416386083053,72,794,16,9,0.5141975308641975,0.11143383687193044
10,1:10,22,5,891,81,810,0.8576572808202511,0.9840799745824255,test-size-weighted outer-fold mean,0.8518518518518519,0.7814814814814814,0.8166666666666667,0.40725830953625747,0.42201834862385323,0.7878787878787878,69,633,177,12,0.5087037037037035,0.030495901363953838
10,1:10,23,5,891,81,810,0.8630206033933338,0.9835557371096587,test-size-weighted outer-fold mean,0.8148148148148148,0.7864197530864198,0.8006172839506173,0.39012718394446355,0.4125,0.7890011223344556,66,637,173,15,0.505432098765432,0.034820970692960314
10,1:10,24,5,891,81,810,0.8692908823226102,0.9857207697893973,test-size-weighted outer-fold mean,0.8641975308641975,0.9740740740740741,0.9191358024691358,0.795800274518096,0.813953488372093,0.9640852974186308,70,789,21,11,0.5264197530864198,0.16452963258939104
10,1:10,25,5,891,81,810,0.8608813083615285,0.9852668845315904,test-size-weighted outer-fold mean,0.8641975308641975,0.980246913580247,0.9222222222222223,0.8220702578754642,0.8383233532934131,0.9696969696969697,70,794,16,11,0.5232098765432097,0.06951618516575839
10,1:10,26,5,891,81,810,0.8553341768641324,0.9831041212781407,test-size-weighted outer-fold mean,0.691358024691358,0.9814814814814815,0.8364197530864197,0.7142666974943136,0.7368421052631579,0.9551066217732884,56,795,15,25,0.446111111111111,0.06940821277053602
10,1:10,27,5,891,81,810,0.8742762171617171,0.9852056100217865,test-size-weighted outer-fold mean,0.8395061728395061,0.7913580246913581,0.8154320987654321,0.4104477251275586,0.4276729559748428,0.7957351290684624,68,641,169,13,0.48993827160493825,0.01802775637731994
10,1:10,28,5,891,81,810,0.8773921002368106,0.9853848946986202,test-size-weighted outer-fold mean,0.7160493827160493,0.9839506172839506,0.85,0.74309948161335,0.7631578947368421,0.9595959595959596,58,797,13,23,0.4869135802469135,0.0481663783151692
10,1:10,29,5,891,81,810,0.8400055762369936,0.9820329520697167,test-size-weighted outer-fold mean,0.9382716049382716,0.7641975308641975,0.8512345679012345,0.44082309649205664,0.4367816091954023,0.7800224466891134,76,619,191,5,0.493827160493827,0.06618156843109722
10,1:10,30,5,891,81,810,0.8621361447581467,0.984309186637618,test-size-weighted outer-fold mean,0.7654320987654321,0.7851851851851852,0.7753086419753086,0.35872216104015975,0.3911671924290221,0.7833894500561167,62,636,174,19,0.49999999999999994,0.03221024681681282
10,1:10,31,5,891,81,810,0.8646463238299454,0.9860498366013072,test-size-weighted outer-fold mean,0.8518518518518519,0.5740740740740741,0.712962962962963,0.24550465716077774,0.2787878787878788,0.5993265993265994,69,465,345,12,0.45549382716049375,0.03758324094593226
10,1:10,32,5,891,81,810,0.8623316236879367,0.9828045570079883,test-size-weighted outer-fold mean,0.7283950617283951,0.7777777777777778,0.7530864197530864,0.3284438304255237,0.36875,0.7732884399551067,59,630,180,22,0.47481481481481475,0.07079901129253151
10,1:10,33,5,891,81,810,0.8805610008325344,0.9851647603485839,test-size-weighted outer-fold mean,0.8765432098765432,0.5876543209876544,0.7320987654320987,0.26800456940160405,0.29218106995884774,0.6139169472502806,71,476,334,10,0.48907407407407394,0.018506755523321743
10,1:10,34,5,891,81,810,0.866182901400594,0.98338779956427,test-size-weighted outer-fold mean,0.9135802469135802,0.9580246913580247,0.9358024691358025,0.7677360647729272,0.783068783068783,0.9539842873176206,74,776,34,7,0.4834567901234567,0.0696778300465794
10,1:10,35,5,891,81,810,0.8475664566567086,0.9829520697167756,test-size-weighted outer-fold mean,0.7160493827160493,0.7839506172839507,0.75,0.32708762689207355,0.36942675159235666,0.7777777777777778,58,635,175,23,0.4603086419753085,0.07541551564499178
10,1:10,36,5,891,81,810,0.8586224571666827,0.9832266702977487,test-size-weighted outer-fold mean,0.7283950617283951,0.9814814814814815,0.8549382716049383,0.7395047306702291,0.7612903225806451,0.9584736251402918,59,795,15,22,0.4959876543209875,0.040681691213616006
10,1:10,37,5,891,81,810,0.8613363734287873,0.9840050835148874,test-size-weighted outer-fold mean,0.8518518518518519,0.7691358024691358,0.8104938271604938,0.39451283748061716,0.4094955489614243,0.77665544332211,69,623,187,12,0.4777777777777777,0.03850324661635692
10,1:10,38,5,891,81,810,0.8583781998707325,0.9842751452432825,test-size-weighted outer-fold mean,0.8148148148148148,0.7703703703703704,0.7925925925925925,0.3735318529387393,0.3963963963963964,0.7744107744107744,66,624,186,15,0.4804938271604937,0.09403456811194492
10,1:10,39,5,891,81,810,0.869788509021477,0.9860657225853304,test-size-weighted outer-fold mean,0.8518518518518519,0.980246913580247,0.9160493827160494,0.8142971462302812,0.8313253012048193,0.9685746352413019,69,794,16,12,0.5895679012345677,0.21086132883959546
10,1:10,40,5,891,81,810,0.8778522426514759,0.9873751815541032,test-size-weighted outer-fold mean,0.691358024691358,0.9703703703703703,0.8308641975308642,0.6654407141284103,0.6956521739130435,0.9450056116722784,56,786,24,25,0.4843209876543209,0.03927467377331097
10,1:10,41,5,891,81,810,0.8573724845345696,0.9728758169934639,test-size-weighted outer-fold mean,0.9629629629629629,0.5839506172839506,0.7734567901234568,0.31519273702951456,0.31451612903225806,0.6184062850729517,78,473,337,3,0.505432098765432,0.03974921382870359
10,1:10,42,5,891,81,810,0.8456091034974731,0.9816562273057371,test-size-weighted outer-fold mean,0.8765432098765432,0.7666666666666667,0.821604938271605,0.40675824952722744,0.41642228739002934,0.77665544332211,71,621,189,10,0.46709876543209866,0.06822756041366275
10,1:10,43,5,891,81,810,0.8833558000268064,0.9865786129266522,test-size-weighted outer-fold mean,0.5185185185185185,0.9864197530864197,0.7524691358024691,0.6137102317627355,0.6268656716417911,0.9438832772166106,42,799,11,39,0.551358024691358,0.06969576744681132
10,1:10,44,5,891,81,810,0.8532018522875522,0.9828159041394336,test-size-weighted outer-fold mean,0.7777777777777778,0.7938271604938272,0.7858024691358025,0.37550553527868175,0.40514469453376206,0.792368125701459,63,643,167,18,0.5208641975308641,0.10358571330062849
10,1:10,45,5,891,81,810,0.8698725907756902,0.9789374546114743,test-size-weighted outer-fold mean,0.9135802469135802,0.7888888888888889,0.8512345679012345,0.4522858129121142,0.4539877300613497,0.8002244668911336,74,639,171,7,0.5254938271604938,0.06500000000000003
10,1:10,46,5,891,81,810,0.864505972741008,0.9838734567901234,test-size-weighted outer-fold mean,0.6666666666666666,0.8864197530864197,0.7765432098765432,0.42955962021162514,0.47577092511013214,0.8664421997755332,54,718,92,27,0.5244444444444444,0.07681145747868609
10,1:10,47,5,891,81,810,0.8574900544753165,0.9842592592592593,test-size-weighted outer-fold mean,0.9506172839506173,0.9493827160493827,0.95,0.7633026632826149,0.7738693467336684,0.9494949494949495,77,769,41,4,0.482716049382716,0.12048858867129288
10,1:10,48,5,891,81,810,0.8617432138845251,0.9832902142338417,test-size-weighted outer-fold mean,0.8024691358024691,0.971604938271605,0.8870370370370371,0.7458790896910544,0.7692307692307693,0.9562289562289562,65,787,23,16,0.4603703703703703,0.041382363393117114
10,1:10,49,5,891,81,810,0.8767289497158014,0.9859794843863472,test-size-weighted outer-fold mean,0.8148148148148148,0.9790123456790123,0.8969135802469135,0.7851746079546501,0.8048780487804879,0.9640852974186308,66,793,17,15,0.5070370370370368,0.04644889664997439
10,1:10,50,5,891,81,810,0.8805580283823291,0.9891362563543937,test-size-weighted outer-fold mean,0.9876543209876543,0.6987654320987654,0.8432098765432099,0.41021426345056966,0.3950617283950617,0.7250280583613917,80,566,244,1,0.4753086419753086,0.02318404623873925
