heldout_parent_group,heldout_edc_graph_id,n_train_graphs,n_train_edcs,n_train_non_edcs,n_test_graphs,n_test_edcs,n_test_non_edcs,edc_probability,edc_prediction,edc_rank_within_group,n_decoys_predicted_edc,hidden_size1,hidden_size2,hidden_size3,lr,weight_decay,batch_size,dropout,pr_auc,roc_auc,precision,recall,specificity,balanced_accuracy,mcc,f1_score,accuracy,threshold,tp,tn,fp,fn
0,0,880,80,800,11,1,10,0.8339441418647766,1,1,1,60,40,20,0.0005,0.0005,64,0.5,1.0,1.0,0.5,1.0,0.9,0.95,0.6708203932499369,0.6666666666666666,0.9090909090909091,0.5,1,9,1,0
1,1,880,80,800,11,1,10,0.8068621754646301,1,1,0,60,40,20,0.0005,0.0005,64,0.5,1.0,1.0,1.0,1.0,1.0,1.0,1.0,1.0,1.0,0.5,1,10,0,0
2,2,880,80,800,11,1,10,0.9924598336219788,1,1,0,60,40,20,0.0005,0.0005,64,0.5,1.0,1.0,1.0,1.0,1.0,1.0,1.0,1.0,1.0,0.5,1,10,0,0
3,3,880,80,800,11,1,10,0.36870062351226807,0,1,0,60,40,20,0.0005,0.0005,64,0.5,1.0,1.0,0.0,0.0,1.0,0.5,0.0,0.0,0.9090909090909091,0.5,0,10,0,1
4,4,880,80,800,11,1,10,0.95363450050354,1,1,0,60,40,20,0.0005,0.0005,64,0.5,1.0,1.0,1.0,1.0,1.0,1.0,1.0,1.0,1.0,0.5,1,10,0,0
5,5,880,80,800,11,1,10,0.9637690186500549,1,2,1,60,40,20,0.0005,0.0005,64,0.5,0.5,0.9,0.5,1.0,0.9,0.95,0.6708203932499369,0.6666666666666666,0.9090909090909091,0.5,1,9,1,0
6,6,880,80,800,11,1,10,0.9878115057945251,1,1,0,60,40,20,0.0005,0.0005,64,0.5,1.0,1.0,1.0,1.0,1.0,1.0,1.0,1.0,1.0,0.5,1,10,0,0
7,7,880,80,800,11,1,10,0.43504372239112854,0,1,0,60,40,20,0.0005,0.0005,64,0.5,1.0,1.0,0.0,0.0,1.0,0.5,0.0,0.0,0.9090909090909091,0.5,0,10,0,1
8,8,880,80,800,11,1,10,0.5516160726547241,1,1,0,60,40,20,0.0005,0.0005,64,0.5,1.0,1.0,1.0,1.0,1.0,1.0,1.0,1.0,1.0,0.5,1,10,0,0
9,9,880,80,800,11,1,10,0.9421181678771973,1,1,0,60,40,20,0.0005,0.0005,64,0.5,1.0,1.0,1.0,1.0,1.0,1.0,1.0,1.0,1.0,0.5,1,10,0,0
10,10,880,80,800,11,1,10,0.5767508149147034,1,1,0,60,40,20,0.0005,0.0005,64,0.5,1.0,1.0,1.0,1.0,1.0,1.0,1.0,1.0,1.0,0.5,1,10,0,0
11,11,880,80,800,11,1,10,0.9423547387123108,1,1,0,60,40,20,0.0005,0.0005,64,0.5,1.0,1.0,1.0,1.0,1.0,1.0,1.0,1.0,1.0,0.5,1,10,0,0
12,12,880,80,800,11,1,10,0.9895813465118408,1,1,0,60,40,20,0.0005,0.0005,64,0.5,1.0,1.0,1.0,1.0,1.0,1.0,1.0,1.0,1.0,0.5,1,10,0,0
13,13,880,80,800,11,1,10,0.3870212435722351,0,1,0,60,40,20,0.0005,0.0005,64,0.5,1.0,1.0,0.0,0.0,1.0,0.5,0.0,0.0,0.9090909090909091,0.5,0,10,0,1
14,14,880,80,800,11,1,10,0.933789074420929,1,1,0,60,40,20,0.0005,0.0005,64,0.5,1.0,1.0,1.0,1.0,1.0,1.0,1.0,1.0,1.0,0.5,1,10,0,0
15,15,880,80,800,11,1,10,0.9886029958724976,1,1,0,60,40,20,0.0005,0.0005,64,0.5,1.0,1.0,1.0,1.0,1.0,1.0,1.0,1.0,1.0,0.5,1,10,0,0
16,16,880,80,800,11,1,10,0.9330634474754333,1,1,0,60,40,20,0.0005,0.0005,64,0.5,1.0,1.0,1.0,1.0,1.0,1.0,1.0,1.0,1.0,0.5,1,10,0,0
17,17,880,80,800,11,1,10,0.9316865801811218,1,1,0,60,40,20,0.0005,0.0005,64,0.5,1.0,1.0,1.0,1.0,1.0,1.0,1.0,1.0,1.0,0.5,1,10,0,0
18,18,880,80,800,11,1,10,0.9853608012199402,1,1,0,60,40,20,0.0005,0.0005,64,0.5,1.0,1.0,1.0,1.0,1.0,1.0,1.0,1.0,1.0,0.5,1,10,0,0
19,19,880,80,800,11,1,10,0.9339678883552551,1,1,0,60,40,20,0.0005,0.0005,64,0.5,1.0,1.0,1.0,1.0,1.0,1.0,1.0,1.0,1.0,0.5,1,10,0,0
20,20,880,80,800,11,1,10,0.9515743851661682,1,2,1,60,40,20,0.0005,0.0005,64,0.5,0.5,0.9,0.5,1.0,0.9,0.95,0.6708203932499369,0.6666666666666666,0.9090909090909091,0.5,1,9,1,0
21,21,880,80,800,11,1,10,0.9876232147216797,1,1,0,60,40,20,0.0005,0.0005,64,0.5,1.0,1.0,1.0,1.0,1.0,1.0,1.0,1.0,1.0,0.5,1,10,0,0
22,22,880,80,800,11,1,10,0.9415281414985657,1,1,0,60,40,20,0.0005,0.0005,64,0.5,1.0,1.0,1.0,1.0,1.0,1.0,1.0,1.0,1.0,0.5,1,10,0,0
23,23,880,80,800,11,1,10,0.9546788334846497,1,1,0,60,40,20,0.0005,0.0005,64,0.5,1.0,1.0,1.0,1.0,1.0,1.0,1.0,1.0,1.0,0.5,1,10,0,0
24,24,880,80,800,11,1,10,0.9554340839385986,1,1,0,60,40,20,0.0005,0.0005,64,0.5,1.0,1.0,1.0,1.0,1.0,1.0,1.0,1.0,1.0,0.5,1,10,0,0
25,25,880,80,800,11,1,10,0.9926918148994446,1,1,1,60,40,20,0.0005,0.0005,64,0.5,1.0,1.0,0.5,1.0,0.9,0.95,0.6708203932499369,0.6666666666666666,0.9090909090909091,0.5,1,9,1,0
26,26,880,80,800,11,1,10,0.47166338562965393,0,1,0,60,40,20,0.0005,0.0005,64,0.5,1.0,1.0,0.0,0.0,1.0,0.5,0.0,0.0,0.9090909090909091,0.5,0,10,0,1
27,27,880,80,800,11,1,10,0.9546140432357788,1,1,0,60,40,20,0.0005,0.0005,64,0.5,1.0,1.0,1.0,1.0,1.0,1.0,1.0,1.0,1.0,0.5,1,10,0,0
28,28,880,80,800,11,1,10,0.9880300164222717,1,1,0,60,40,20,0.0005,0.0005,64,0.5,1.0,1.0,1.0,1.0,1.0,1.0,1.0,1.0,1.0,0.5,1,10,0,0
29,29,880,80,800,11,1,10,0.45830658078193665,0,1,0,60,40,20,0.0005,0.0005,64,0.5,1.0,1.0,0.0,0.0,1.0,0.5,0.0,0.0,0.9090909090909091,0.5,0,10,0,1
30,30,880,80,800,11,1,10,0.9591185450553894,1,2,1,60,40,20,0.0005,0.0005,64,0.5,0.5,0.9,0.5,1.0,0.9,0.95,0.6708203932499369,0.6666666666666666,0.9090909090909091,0.5,1,9,1,0
31,31,880,80,800,11,1,10,0.9591687917709351,1,1,0,60,40,20,0.0005,0.0005,64,0.5,1.0,1.0,1.0,1.0,1.0,1.0,1.0,1.0,1.0,0.5,1,10,0,0
32,32,880,80,800,11,1,10,0.4584919512271881,0,1,0,60,40,20,0.0005,0.0005,64,0.5,1.0,1.0,0.0,0.0,1.0,0.5,0.0,0.0,0.9090909090909091,0.5,0,10,0,1
33,33,880,80,800,11,1,10,0.943771243095398,1,1,0,60,40,20,0.0005,0.0005,64,0.5,1.0,1.0,1.0,1.0,1.0,1.0,1.0,1.0,1.0,0.5,1,10,0,0
34,34,880,80,800,11,1,10,0.9562472105026245,1,1,0,60,40,20,0.0005,0.0005,64,0.5,1.0,1.0,1.0,1.0,1.0,1.0,1.0,1.0,1.0,0.5,1,10,0,0
35,35,880,80,800,11,1,10,0.9625263810157776,1,1,1,60,40,20,0.0005,0.0005,64,0.5,1.0,1.0,0.5,1.0,0.9,0.95,0.6708203932499369,0.6666666666666666,0.9090909090909091,0.5,1,9,1,0
36,36,880,80,800,11,1,10,0.49128469824790955,0,1,0,60,40,20,0.0005,0.0005,64,0.5,1.0,1.0,0.0,0.0,1.0,0.5,0.0,0.0,0.9090909090909091,0.5,0,10,0,1
37,37,880,80,800,11,1,10,0.9578122496604919,1,1,0,60,40,20,0.0005,0.0005,64,0.5,1.0,1.0,1.0,1.0,1.0,1.0,1.0,1.0,1.0,0.5,1,10,0,0
38,38,880,80,800,11,1,10,0.9596704244613647,1,1,1,60,40,20,0.0005,0.0005,64,0.5,1.0,1.0,0.5,1.0,0.9,0.95,0.6708203932499369,0.6666666666666666,0.9090909090909091,0.5,1,9,1,0
39,39,880,80,800,11,1,10,0.95346599817276,1,1,0,60,40,20,0.0005,0.0005,64,0.5,1.0,1.0,1.0,1.0,1.0,1.0,1.0,1.0,1.0,0.5,1,10,0,0
40,40,880,80,800,11,1,10,0.49303603172302246,0,2,1,60,40,20,0.0005,0.0005,64,0.5,0.5,0.9,0.0,0.0,0.9,0.45,-0.1,0.0,0.8181818181818182,0.5,0,9,1,1
41,41,880,80,800,11,1,10,0.9604666233062744,1,1,1,60,40,20,0.0005,0.0005,64,0.5,1.0,1.0,0.5,1.0,0.9,0.95,0.6708203932499369,0.6666666666666666,0.9090909090909091,0.5,1,9,1,0
42,42,880,80,800,11,1,10,0.31012165546417236,0,1,0,60,40,20,0.0005,0.0005,64,0.5,1.0,1.0,0.0,0.0,1.0,0.5,0.0,0.0,0.9090909090909091,0.5,0,10,0,1
43,43,880,80,800,11,1,10,0.313678115606308,0,1,0,60,40,20,0.0005,0.0005,64,0.5,1.0,1.0,0.0,0.0,1.0,0.5,0.0,0.0,0.9090909090909091,0.5,0,10,0,1
44,44,880,80,800,11,1,10,0.3282753825187683,0,1,0,60,40,20,0.0005,0.0005,64,0.5,1.0,1.0,0.0,0.0,1.0,0.5,0.0,0.0,0.9090909090909091,0.5,0,10,0,1
45,45,880,80,800,11,1,10,0.4245399534702301,0,1,0,60,40,20,0.0005,0.0005,64,0.5,1.0,1.0,0.0,0.0,1.0,0.5,0.0,0.0,0.9090909090909091,0.5,0,10,0,1
46,46,880,80,800,11,1,10,0.9929371476173401,1,1,0,60,40,20,0.0005,0.0005,64,0.5,1.0,1.0,1.0,1.0,1.0,1.0,1.0,1.0,1.0,0.5,1,10,0,0
47,47,880,80,800,11,1,10,0.993314802646637,1,1,0,60,40,20,0.0005,0.0005,64,0.5,1.0,1.0,1.0,1.0,1.0,1.0,1.0,1.0,1.0,0.5,1,10,0,0
48,48,880,80,800,11,1,10,0.48005011677742004,0,1,0,60,40,20,0.0005,0.0005,64,0.5,1.0,1.0,0.0,0.0,1.0,0.5,0.0,0.0,0.9090909090909091,0.5,0,10,0,1
49,49,880,80,800,11,1,10,0.44204291701316833,0,1,0,60,40,20,0.0005,0.0005,64,0.5,1.0,1.0,0.0,0.0,1.0,0.5,0.0,0.0,0.9090909090909091,0.5,0,10,0,1
50,50,880,80,800,11,1,10,0.6703612208366394,1,1,0,60,40,20,0.0005,0.0005,64,0.5,1.0,1.0,1.0,1.0,1.0,1.0,1.0,1.0,1.0,0.5,1,10,0,0
51,51,880,80,800,11,1,10,0.02374991588294506,0,2,0,60,40,20,0.0005,0.0005,64,0.5,0.5,0.9,0.0,0.0,1.0,0.5,0.0,0.0,0.9090909090909091,0.5,0,10,0,1
52,52,880,80,800,11,1,10,0.407100111246109,0,1,0,60,40,20,0.0005,0.0005,64,0.5,1.0,1.0,0.0,0.0,1.0,0.5,0.0,0.0,0.9090909090909091,0.5,0,10,0,1
53,53,880,80,800,11,1,10,0.3285496234893799,0,1,0,60,40,20,0.0005,0.0005,64,0.5,1.0,1.0,0.0,0.0,1.0,0.5,0.0,0.0,0.9090909090909091,0.5,0,10,0,1
54,54,880,80,800,11,1,10,0.3872988820075989,0,1,0,60,40,20,0.0005,0.0005,64,0.5,1.0,1.0,0.0,0.0,1.0,0.5,0.0,0.0,0.9090909090909091,0.5,0,10,0,1
55,55,880,80,800,11,1,10,0.98726487159729,1,1,0,60,40,20,0.0005,0.0005,64,0.5,1.0,1.0,1.0,1.0,1.0,1.0,1.0,1.0,1.0,0.5,1,10,0,0
56,56,880,80,800,11,1,10,0.9540923237800598,1,1,0,60,40,20,0.0005,0.0005,64,0.5,1.0,1.0,1.0,1.0,1.0,1.0,1.0,1.0,1.0,0.5,1,10,0,0
57,57,880,80,800,11,1,10,0.9875625371932983,1,1,0,60,40,20,0.0005,0.0005,64,0.5,1.0,1.0,1.0,1.0,1.0,1.0,1.0,1.0,1.0,0.5,1,10,0,0
58,58,880,80,800,11,1,10,0.9552485942840576,1,1,0,60,40,20,0.0005,0.0005,64,0.5,1.0,1.0,1.0,1.0,1.0,1.0,1.0,1.0,1.0,0.5,1,10,0,0
59,59,880,80,800,11,1,10,0.2679040729999542,0,1,0,60,40,20,0.0005,0.0005,64,0.5,1.0,1.0,0.0,0.0,1.0,0.5,0.0,0.0,0.9090909090909091,0.5,0,10,0,1
60,60,880,80,800,11,1,10,0.2630310356616974,0,2,0,60,40,20,0.0005,0.0005,64,0.5,0.5,0.9,0.0,0.0,1.0,0.5,0.0,0.0,0.9090909090909091,0.5,0,10,0,1
61,61,880,80,800,11,1,10,0.9643807411193848,1,1,0,60,40,20,0.0005,0.0005,64,0.5,1.0,1.0,1.0,1.0,1.0,1.0,1.0,1.0,1.0,0.5,1,10,0,0
62,62,880,80,800,11,1,10,0.9897906184196472,1,1,0,60,40,20,0.0005,0.0005,64,0.5,1.0,1.0,1.0,1.0,1.0,1.0,1.0,1.0,1.0,0.5,1,10,0,0
63,63,880,80,800,11,1,10,0.989641010761261,1,1,0,60,40,20,0.0005,0.0005,64,0.5,1.0,1.0,1.0,1.0,1.0,1.0,1.0,1.0,1.0,0.5,1,10,0,0
64,64,880,80,800,11,1,10,0.46129003167152405,0,1,0,60,40,20,0.0005,0.0005,64,0.5,1.0,1.0,0.0,0.0,1.0,0.5,0.0,0.0,0.9090909090909091,0.5,0,10,0,1
65,65,880,80,800,11,1,10,0.467715322971344,0,1,0,60,40,20,0.0005,0.0005,64,0.5,1.0,1.0,0.0,0.0,1.0,0.5,0.0,0.0,0.9090909090909091,0.5,0,10,0,1
66,66,880,80,800,11,1,10,0.0015011467039585114,0,7,0,60,40,20,0.0005,0.0005,64,0.5,0.14285714285714285,0.4,0.0,0.0,1.0,0.5,0.0,0.0,0.9090909090909091,0.5,0,10,0,1
67,67,880,80,800,11,1,10,0.9461855888366699,1,1,0,60,40,20,0.0005,0.0005,64,0.5,1.0,1.0,1.0,1.0,1.0,1.0,1.0,1.0,1.0,0.5,1,10,0,0
68,68,880,80,800,11,1,10,0.9474120736122131,1,1,0,60,40,20,0.0005,0.0005,64,0.5,1.0,1.0,1.0,1.0,1.0,1.0,1.0,1.0,1.0,0.5,1,10,0,0
69,69,880,80,800,11,1,10,0.5569565892219543,1,1,0,60,40,20,0.0005,0.0005,64,0.5,1.0,1.0,1.0,1.0,1.0,1.0,1.0,1.0,1.0,0.5,1,10,0,0
70,70,880,80,800,11,1,10,0.45513105392456055,0,1,0,60,40,20,0.0005,0.0005,64,0.5,1.0,1.0,0.0,0.0,1.0,0.5,0.0,0.0,0.9090909090909091,0.5,0,10,0,1
71,71,880,80,800,11,1,10,0.02374672144651413,0,2,0,60,40,20,0.0005,0.0005,64,0.5,0.5,0.9,0.0,0.0,1.0,0.5,0.0,0.0,0.9090909090909091,0.5,0,10,0,1
72,72,880,80,800,11,1,10,0.9302805066108704,1,1,0,60,40,20,0.0005,0.0005,64,0.5,1.0,1.0,1.0,1.0,1.0,1.0,1.0,1.0,1.0,0.5,1,10,0,0
73,73,880,80,800,11,1,10,0.941145658493042,1,1,0,60,40,20,0.0005,0.0005,64,0.5,1.0,1.0,1.0,1.0,1.0,1.0,1.0,1.0,1.0,0.5,1,10,0,0
74,74,880,80,800,11,1,10,0.9401041865348816,1,1,0,60,40,20,0.0005,0.0005,64,0.5,1.0,1.0,1.0,1.0,1.0,1.0,1.0,1.0,1.0,0.5,1,10,0,0
75,75,880,80,800,11,1,10,0.764398992061615,1,1,0,60,40,20,0.0005,0.0005,64,0.5,1.0,1.0,1.0,1.0,1.0,1.0,1.0,1.0,1.0,0.5,1,10,0,0
76,76,880,80,800,11,1,10,0.7782757878303528,1,1,0,60,40,20,0.0005,0.0005,64,0.5,1.0,1.0,1.0,1.0,1.0,1.0,1.0,1.0,1.0,0.5,1,10,0,0
77,77,880,80,800,11,1,10,0.7411174178123474,1,1,0,60,40,20,0.0005,0.0005,64,0.5,1.0,1.0,1.0,1.0,1.0,1.0,1.0,1.0,1.0,0.5,1,10,0,0
78,78,880,80,800,11,1,10,0.9861063957214355,1,1,0,60,40,20,0.0005,0.0005,64,0.5,1.0,1.0,1.0,1.0,1.0,1.0,1.0,1.0,1.0,0.5,1,10,0,0
79,79,880,80,800,11,1,10,0.927551805973053,1,1,0,60,40,20,0.0005,0.0005,64,0.5,1.0,1.0,1.0,1.0,1.0,1.0,1.0,1.0,1.0,0.5,1,10,0,0
80,80,880,80,800,11,1,10,0.9309573173522949,1,1,0,60,40,20,0.0005,0.0005,64,0.5,1.0,1.0,1.0,1.0,1.0,1.0,1.0,1.0,1.0,0.5,1,10,0,0
